Authors,Title,Year,Journal,Abstract,Keywords,Publisher/Editorial,Language,Document Type,DOI,City of publication
Ulrich H.; Hendel R.; Bergh B.; Schreiweis B.,Full-scale indexing and semantic annotation of CT imaging: boosting FAIRness,2026,BMC Medical Informatics and Decision Making,Background: The integration of artificial intelligence into medicine has led to significant advances, particularly in diagnostics and treatment planning. However, the reliability of AI models is highly dependent on the quality of the training data, especially in medical imaging, where varying patient data and evolving medical knowledge pose a challenge to the accuracy and generalizability of given datasets. Results: The proposed approach focuses on the integration and enhancement of clinical computed tomography (CT) image series for better findability, accessibility, interoperability, and reusability. Through an automated indexing process, CT image series are semantically enhanced using the TotalSegmentator framework for segmentation and resulting SNOMED CT annotations. The metadata is standardized with HL7 FHIR resources to enable efficient data recognition and data exchange between research projects. Conclusions: The study successfully integrates a robust process within the UKSH MeDIC, leading to the semantic enrichment of over 1.7 million CT image series and over 50 million SNOMED CT annotations. The standardized representation using HL7 FHIR resources improves discoverability and facilitates interoperability, providing a foundation for the FAIRness of medical imaging data. However, developing automated annotation methods that can keep pace with growing clinical datasets remains a challenge to ensure continued progress in large-scale integration and indexing of medical imaging for advanced healthcare AI applications. © The Author(s) 2026.,Artificial intelligence; Computed tomography; Data standardization; Medical image processing; Semantic interoperability,BioMed Central Ltd,English,Article,10.1186/s12911-026-03378-4,H. Ulrich; Institute for Medical Informatics and Artificial Intelligence, Kiel University and University Hospital Schleswig-Holstein, Schleswig-Holstein, Campus Kiel, Kiel, Germany; email: hannes.ulrich@uksh.de
Peterson K.J.; Jiang G.; Liu H.,A corpus-driven standardization framework for encoding clinical problems with HL7 FHIR,2020,Journal of Biomedical Informatics,Free-text problem descriptions are brief explanations of patient diagnoses and issues, commonly found in problem lists and other prominent areas of the medical record. These compact representations often express complex and nuanced medical conditions, making their semantics challenging to fully capture and standardize. In this study, we describe a framework for transforming free-text problem descriptions into standardized Health Level 7 (HL7) Fast Healthcare Interoperability Resources (FHIR) models. This approach leverages a combination of domain-specific dependency parsers, Bidirectional Encoder Representations from Transformers (BERT) natural language models, and cui2vec Unified Medical Language System (UMLS) concept vectors to align extracted concepts from free-text problem descriptions into structured FHIR models. A neural network classification model is used to classify thirteen relationship types between concepts, facilitating mapping to the FHIR Condition resource. We use data programming, a weak supervision approach, to eliminate the need for a manually annotated training corpus. Shapley values, a mechanism to quantify contribution, are used to interpret the impact of model features. We found that our methods identified the focus concept, or primary clinical concern of the problem description, with an F1 score of 0.95. Relationships from the focus to other modifying concepts were extracted with an F1 score of 0.90. When classifying relationships, our model achieved a 0.89 weighted average F1 score, enabling accurate mapping of attributes into HL7 FHIR models. We also found that the BERT input representation predominantly contributed to the classifier decision as shown by the Shapley values analysis. © 2020 Elsevier Inc.,Deep Learning (D000077321); Health Information Interoperability (D000073892); Natural Language Processing (D009323); Semantics (D012660); Systematized Nomenclature of Medicine (D039061),Academic Press Inc.,English,Article,10.1016/j.jbi.2020.103541,H. Liu; Mayo Clinic, Rochester, 200 First St SW, 55905, United States; email: liu.hongfang@mayo.edu
Shafqat S.; Javaid Q.; Al-Saeed M.; Ahmad H.F.,Deep Learning-Based Semantic Diagnostic Framework for Big EHR Corpora,2025,Journal of Advances in Information Technology,Diagnoses if mishandled or left untreated may cause several other chronic illnesses as in the case of Diabetes Mellitus (DM). Researchers have explored endocrine domain for diagnoses of DM and its comorbidities using big data cloud analytics. It is seen that if DM patient condition gets worse it forms diseases like; breast cancer, arthritis, body pains, dementia, foot ulcers resulting in amputation, etc. Researchers initiated the design and development of unified medical corpora with real-time big Electronic Health Records (EHR) dataset of endocrine patients. The corpora are standardized using standard international medical nomenclature. It used International Classification Disease Diagnostic (ICD-10-CM) codes to label target diagnoses and is in compliance with Health Level Seven Fast Healthcare Interoperability Resources (HL7 FHIR) standard. Corpuses in the corpora with varying sizes and parameters is experimented on; Colab, Orange and RapidMiner open-source cloud frameworks. The performance of different models was observed using deep learning heuristics. The three models were proposed; i) Deep Neural Nets (DNN) Bi-directional Long Short Term Memory (Bi-LSTM) Sequential Model, ii) Louvain Mani-Hierarchical Fold Learning (LMHFL) and its optimized model; Fast-LMHFL, and iii) Custom Deep Multinomial Distribution Learning (DMDL) model enabled for semantics and temporal variables. DNN Bi-LSTM shows the efficacy of TensorFlow and deep neural networks. LMHFL gave diagnostic visual inferences with maximum accuracy of 0.727 and correlations up to 0.952 between patients’ phenotypes with Laplace. DMDL was 100% accurate. © 2025 by the authors.,big data healthcare analytics; diagnostics; endocrine comorbidity diseases; International Classification of Diseases (ICD-10-CM); Named Entity Records (NER); semantics; tabular text mining,Engineering and Technology Publishing,English,Article,10.12720/jait.16.5.725-741,S. Shafqat; Ambient Cloud, Islamabad, Pakistan; email: ceo@DreamzSoft.org; H.F. Ahmad; Computer Science Department, College of Computer Sciences and Information Technology (CCSIT), King Faisal University, Al-Ahsa, Saudi Arabia; email: hfahmad@kfu.edu.sa
Dolin R.H.; Gupta R.; Newsom K.; Heale B.S.E.; Gothi S.; Starostik P.; Chamala S.,Automated HL7v2 LRI informatics framework for streamlining genomics-EHR data integration,2023,Journal of Pathology Informatics,While VCF formatted files are the lingua franca of next-generation sequencing, most EHRs do not provide native VCF support. As a result, labs often must send non-structured PDF reports to the EHR. On the other hand, while FHIR adoption is growing, most EHRs support HL7 interoperability standards, particularly those based on the HL7 Version 2 (HL7v2) standard. The HL7 Version 2 genomics component of the HL7 Laboratory Results Interface (HL7v2 LRI) standard specifies a formalism for the structured communication of genomic data from lab to EHR. We previously described an open-source tool (vcf2fhir) that converts VCF files into HL7 FHIR format. In this report, we describe how the utility has been extended to output HL7v2 LRI data that contains both variants and variant annotations (e.g., predicted phenotypes and therapeutic implications). Using this HL7v2 converter, we implemented an automated pipeline for moving structured genomic data from the clinical laboratory to EHR. We developed an open source hl7v2GenomicsExtractor that converts genomic interpretation report files into a series of HL7v2 observations conformant to HL7v2 LRI. We further enhanced the converter to produce output conformant to Epic's genomic import specification and to support alternative input formats. An automated pipeline for pushing standards-based structured genomic data directly into the EHR was successfully implemented, where genetic variant data and the clinical annotations are now both available to be viewed in the EHR through Epic's genomics module. Issues encountered in the development and deployment of the HL7v2 converter primarily revolved around data variability issues, primarily lack of a standardized representation of data elements within various genomic interpretation report files. The technical implementation of a HL7v2 message transformation to feed genomic variant and clinical annotation data into an EHR has been successful. In addition to genetic variant data, the implementation described here releases the valuable asset of clinically relevant genomic annotations provided by labs from static PDFs to calculable, structured data in EHR systems. © 2023 The Authors,Clinical genomics; EHR; Electronic health record; Genomics module; HL7; Laboratory informatics,Elsevier B.V.,English,Article,10.1016/j.jpi.2023.100330,S. Chamala; Department of Pathology and Laboratory Medicine, Children's Hospital Los Angeles, Los Angeles, 4650 Sunset Blvd, 90027, United States; email: schamala@chla.usc.edu
Gurnani B.; Kaur K.,Biosensor-embedded wearables for dry eye monitoring and management,2025,Expert Review of Medical Devices,Introduction: Dry eye disease (DED) affects over 300 million people worldwide and continues to pose diagnostic challenges due to fluctuating symptoms and reliance on static, clinic-based tests. Conventional methods such as Schirmer’s test and tear osmolarity provide only episodic insights, failing to capture the dynamic behavior of the tear film. Recently, biosensor-embedded wearable devices, including smart contact lenses, eyelid-mounted patches, and sensor-equipped spectacles, have emerged, enabling real-time and continuous tracking of tear metrics and blink patterns. These technologies promise precision diagnostics and patient-specific therapeutic strategies. Areas Covered: This review summarizes recent advances in ocular biosensor wearables for DED. Key innovations include smart lenses with osmolarity and biomarker sensors, microfluidic channels for tear collection, and eyelid-mounted iontronic sensors for blink monitoring. Regulatory pathways such as FDA 510(k), ISO 10,993 safety standards, and HL7 FHIR for data integration are discussed. Early clinical studies support feasibility, though power supply, device miniaturization, and patient adherence remain obstacles. Ethical, economic, and privacy considerations are also highlighted. Expert Opinion: Biosensor-based wearables are redefining DED care, offering precision diagnostics, early intervention, and long-term monitoring. Their success depends on clinical validation, affordability, patient comfort, and seamless integration with telehealth. Interdisciplinary collaboration will be crucial to transition these innovations into routine clinical practice. © 2025 Informa UK Limited, trading as Taylor & Francis Group.,artificial intelligence screening; handheld fundus imaging; portable optical coherence tomography; rural eye care; Teleophthalmology,Taylor and Francis Ltd.,English,Article,10.1080/17434440.2025.2555485,B. Gurnani; Neemuch, Gomabai Netralaya, Madhya Pradesh, 485441, India; email: drgurnanibharat25@gmail.com
Gulden C.; Macho P.; Reinecke I.; Strantz C.; Prokosch H.-U.; Blasini R.,recruIT: A cloud-native clinical trial recruitment support system based on Health Level 7 Fast Healthcare Interoperability Resources (HL7 FHIR) and the Observational Medical Outcomes Partnership Common Data Model (OMOP CDM),2024,Computers in Biology and Medicine,Background: Clinical trials (CTs) are foundational to the advancement of evidence-based medicine and recruiting a sufficient number of participants is one of the crucial steps to their successful conduct. Yet, poor recruitment remains the most frequent reason for premature discontinuation or costly extension of clinical trials. Methods: We designed and implemented a novel, open-source software system to support the recruitment process in clinical trials by generating automatic recruitment recommendations. The development is guided by modern, cloud-native design principles and based on Health Level 7 (HL7) Fast Healthcare Interoperability Resources (FHIR) as an interoperability standard with the Observational Medical Outcomes Partnership (OMOP) Common Data Model (CDM) being used as a source of patient data. We evaluated the usability using the system usability scale (SUS) after deploying the application for use by study personnel. Results: The implementation is based on the OMOP CDM as a repository of patient data that is continuously queried for possible trial candidates based on given clinical trial eligibility criteria. A web-based screening list can be used to display the candidates and email notifications about possible new trial participants can be sent automatically. All interactions between services use HL7 FHIR as the communication standard. The system can be installed using standard container technology and supports more sophisticated deployments on Kubernetes clusters. End-users (n = 19) rated the system with a SUS score of 79.9/100. Conclusion: We contribute a novel, open-source implementation to support the patient recruitment process in clinical trials that can be deployed using state-of-the art technologies. According to the SUS score, the system provides good usability. © 2024 The Authors,0,Elsevier Ltd,English,Article,10.1016/j.compbiomed.2024.108411,C. Gulden; Department of Medical Informatics, Biometrics and Epidemiology, Erlangen, Friedrich-Alexander Universität Erlangen-Nürnberg Wetterkreuz 15, Tennenlohe, 91058, Germany; email: christian.gulden@fau.de
Ansari A.; Conte M.; Flynn A.; Paturkar A.,A prototype ETL pipeline that uses HL7 FHIR RDF resources when deploying pure functions to enrich knowledge graph patient data,2025,Journal of Biomedical Semantics,Background: For clinical care and research, knowledge graphs with patient data can be enriched by extracting parameters from a knowledge graph and then using them as inputs to compute new patient features with pure functions. Systematic and transparent methods for enriching knowledge graphs with newly computed patient features are of interest. When enriching the patient data in knowledge graphs this way, existing ontologies and well-known data resource standards can help promote semantic interoperability. Results: We developed and tested a new data processing pipeline for extracting, computing, and returning newly computed results to a large knowledge graph populated with electronic health record and patient survey data. We show that RDF data resource types already specified by Health Level 7's FHIR RDF effort can be programmatically validated and then used by this new data processing pipeline to represent newly derived patient-level features. Conclusions: Knowledge graph technology can be augmented with standards-based semantic data processing pipelines for deploying and tracing the use of pure functions to derive new patient-level features from existing data. Semantic data processing pipelines enable research enterprises to report on new patient-level computations of interest with linked metadata that details the origin and background of every new computation. © The Author(s) 2025.,Data enrichment; ETL; FAIR; Fast health interoperability resources; FHIR; Knowledge graphs; Linked data; Pure functions; ShEx validation,BioMed Central Ltd,English,Article,10.1186/s13326-025-00335-4,A. Ansari; Krembil Centre for Neuroinformatics, Centre for Addiction and Mental Health, Toronto, 250 College St., M5T 1R8, Canada; email: adeel.ansari@camh.ca
Lee N.-G.; Kim S.-H.,An Original Study on Performance-Optimized EMR-to-HL7 FHIR Conversion Using a Lightweight Library,2026,Applied Sciences (Switzerland),Background: Heterogeneous electronic medical record (EMR) systems and institution-specific data structures continue to limit interoperability and large-scale utilization of healthcare data. Although Health Level Seven (HL7) Fast Healthcare Interoperability Resources (FHIR) has been adopted as an international standard, existing conversion approaches often require extensive preprocessing, high implementation costs, or deep system-specific expertise, restricting their applicability, particularly in small and medium-sized hospitals. To address these constraints, we propose a lightweight EMR-to-HL7 FHIR conversion library optimized for small- and medium-sized healthcare providers that operate with limited system resources. Methods: The library adopts a modular architecture comprising data preprocessing, reference management, structural transformation using transform maps, terminology translation, and validation modules. The proposed approach was implemented using the HL7 Application Programming Interface (HAPI) FHIR and evaluated with anonymized EMR data extracted from multiple hospitals in South Korea, with performance and validation results compared against a conventional HAPI FHIR client-based conversion method. Results: This study proposes a standardized FHIR-based medical data conversion library that enables the efficient transformation of diverse EMR data structures into interoperable FHIR. The proposed library achieved approximately 30% lower single-request conversion latency compared to a conventional HAPI FHIR client-based conversion pipeline under identical hardware and runtime conditions. Conclusions: The proposed conversion method provides a lightweight and adaptable solution for EMR-to-FHIR transformation, improving interoperability with reduced implementation effort and supporting scalable medical data exchange across diverse healthcare environments. © 2026 by the authors.,EMR-to-FHIR conversion; FHIR interoperability; healthcare data integration,Multidisciplinary Digital Publishing Institute (MDPI),English,Article,10.3390/app16031346,S.-H. Kim; Department of IT Convergence Software Engineering, Korea University of Technology & Education (KOREATECH), 1600 Chungjeol-ro, Dongnam-gu, Cheonan-si 31253, Chungcheongnam-do, South Korea; email: sh.kim@koreatech.ac.kr
Mohammed S.; Fiaidhi J.,Establishment of a mindmap for medical e-Diagnosis as a service for graph-based learning and analytics,2023,Neural Computing and Applications,As medical services increasingly trying to harness advances in connected medical devices and the use of artificial intelligence, a new modeling strategy is essentially required to enable developers of the emerging medical applications to organize, integrate, and retain information in this new era of service-oriented healthcare. Such strategy needs to adhere to the principle of knowledge coupling that was advocated by Lawrence Weed, the father of modern problem-oriented medical records, in early 1970s where he defined the way medical information should be described for higher decision making. There has never been a more compelling time to use knowledge coupling related to both medical knowledge and the services build around them. The new digital technologies such as microservices, graph-based databases, Internet of Healthcare Things, and Cloud Computing as well as the non-digital disruptive events such as the pandemic have accelerated the adoption of new notions of service integration and knowledge coupling to provide the long waited solution for interoperability in healthcare as well as higher level of knowledge integration and analytics. The cornerstone of every new change is pointing toward the use of microservices and knowledge graph APIs to be able to thrive and lead in the uncertainty and healthcare change. This research paper uses the notion of mindmap to push conversation and guide scholars in developing effective microservice-based care systems that utilize knowledge graphs and the new care standards including the HL7 FHIR. Central to our mindmap is the GraphQL graph-based technology and the medical diagnosis as a service. This mindmap is the starting research point of our MITACS 2021 and NSERC DDG 2021 projects. © 2021, The Author(s), under exclusive licence to Springer-Verlag London Ltd., part of Springer Nature.,e-Diagnosis as a service; FHIR; GraphQL; Microservices; Service federation; Service schema,Springer Science and Business Media Deutschland GmbH,English,Article,10.1007/s00521-021-06200-6,S. Mohammed; Department of Computer Science, Lakehead University, Thunder Bay, Canada; email: sabah.mohammed@lakeheadu.ca
Drenkhahn C.; Ohlsen T.; Wiedekopf J.; Ingenerf J.,WASP—A Web Application to Support Syntactically and Semantically Correct SNOMED CT Postcoordination,2023,Applied Sciences (Switzerland),Expressive clinical terminologies are of utmost importance for achieving a semantically interoperable data exchange and reuse in healthcare. SNOMED CT, widely respected as the most comprehensive terminology in medicine, provides formal concept definitions based on description logic which not only allows for advanced querying of SNOMED-CT-coded data but also for flexibly augmenting its 350,000 concepts by allowing a controlled combination of these. This ability for postcoordination largely increases the expressivity of the terminology but correlates with an intrinsic complexity. Complicated by the current lack of tooling support, postcoordination is widely either ignored or applied in an error-prone way. To help facilitate the adoption of postcoordination, we implemented a web application that guides users through the creation of postcoordinated expressions (PCEs) while ensuring adherence to syntactic and semantic constraints. Our approach was largely facilitated by making use of the extensive SNOMED CT specifications as well as advanced HL7 FHIR Terminology Services. Qualitative evaluations confirmed the usability of the developed application and the correctness of the PCEs created with it. © 2023 by the authors.,biomedical ontology; clinical terminology; expression templates; postcoordination; semantic interoperability; SNOMED CT,MDPI,English,Article,10.3390/app13106114,C. Drenkhahn; IT Center for Clinical Research, University of Luebeck, Luebeck, 23562, Germany; email: c.drenkhahn@uni-luebeck.de; J. Ingenerf; IT Center for Clinical Research, University of Luebeck, Luebeck, 23562, Germany; email: josef.ingenerf@uni-luebeck.de; T. Ohlsen; Institute of Medical Informatics, University of Luebeck, Luebeck, 23562, Germany; email: tessa.ohlsen@student.uni-luebeck.de
Chatterjee A.; Pahari N.; Prinz A.,HL7 FHIR with SNOMED-CT to Achieve Semantic and Structural Interoperability in Personal Health Data: A Proof-of-Concept Study,2022,Sensors,Heterogeneity is a problem in storing and exchanging data in a digital health information system (HIS) following semantic and structural integrity. The existing literature shows different methods to overcome this problem. Fast healthcare interoperable resources (FHIR) as a structural standard may explain other information models, (e.g., personal, physiological, and behavioral data from heterogeneous sources, such as activity sensors, questionnaires, and interviews) with semantic vocabularies, (e.g., Systematized Nomenclature of Medicine—Clinical Terms (SNOMED-CT)) to connect personal health data to an electronic health record (EHR). We design and develop an intuitive health coaching (eCoach) smartphone application to prove the concept. We combine HL7 FHIR and SNOMED-CT vocabularies to exchange personal health data in JavaScript object notion (JSON). This study explores and analyzes our attempt to design and implement a structurally and logically compatible tethered personal health record (PHR) that allows bidirectional communication with an EHR. Our eCoach prototype implements most PHR-S FM functions as an interoperability quality standard. Its end-to-end (E2E) data are protected with a TSD (Services for Sensitive Data) security mechanism. We achieve 0% data loss and 0% unreliable performances during data transfer between PHR and EHR. Furthermore, this experimental study shows the effectiveness of FHIR modular resources toward flexible management of data components in the PHR (eCoach) prototype. © 2022 by the authors. Licensee MDPI, Basel, Switzerland.,eCoach; FHIR; HL7; interoperability; PGHD; PHR; PHR-S FM; SNOMED-CT; TSD,MDPI,English,Article,10.3390/s22103756,A. Chatterjee; Department of Information and Communication Technology, Center for eHealth, University of Agder, Kristiansand, 4630, Norway; email: ayan.chatterjee@uia.no
Klausen T.; Hartig V.; Fuchs D.; Krueger N.; Jeltsch V.M.; Bild R.; Scheible R.,A Digital Vaccination Pass Using Fast Healthcare Interoperability Resources: A Proof of Concept,2024,Digital,The traditional manual recording of vaccination records in Germany faced challenges during the COVID-19 pandemic, prompting the introduction of a COVID smartphone app with QR codes. However, this solution brought new challenges, emphasizing the need for a centrally managed European digital vaccination record for efficiency and validity. This study assesses the feasibility of using the HL7 FHIR standard in the healthcare industry for implementing a digital vaccination pass management and monitoring system. The system aims to offer convenience and improved efficiency for both patients and healthcare providers while promoting interoperability with other healthcare systems. To this end, we developed a prototype using modern technologies, such as React, Quarkus, and Keycloak. Results indicate potential benefits for patients and healthcare providers, offering access to immunization records, personalized recommendations, and streamlined management. However, integrating nuanced vaccination processes into the standardized FHIR system requires custom extensions, which might hinder interoperability. Manual data entry and the integration of an identity provider present further obstacles in industry scenarios. Despite these challenges, this study suggests that implementing HL7 FHIR can enhance efficiency, data accessibility, and accuracy in the vaccination process, supporting broader digitization efforts in the German healthcare system and beyond. © 2024 by the authors.,expert systems; feasibility analysis; FHIR; HL7; inference engine; medical data interoperability; prototype; public health informatics; software; vaccination pass,Multidisciplinary Digital Publishing Institute (MDPI),English,Article,10.3390/digital4020019,R. Scheible; Institute of Artificial Intelligence and Informatics in Medicine, Chair of Medical Informatics, University Hospital Rechts der Isar, Technical University of Munich, Munich, 81675, Germany; email: raphael.scheible@tum.de
Zampognaro P.; Paragliola G.; Falanga V.,Definition of an FHIR-based multiprotocol IoT home gateway to support the dynamic plug of new devices within instrumented environments,2022,Journal of Reliable Intelligent Environments,Internet of Things (IoT) technologies have become a milestone advancement in the digital healthcare domain, since the number of IoT medical devices is grown exponentially, and it is now anticipated that by 2020, there will be over 161 million of them connected worldwide. Therefore, in an era of continuous growth, IoT healthcare faces various challenges, such as the collection over multiple protocols (e.g. Bluetooth, MQTT, CoAP, ZigBEE, etc.) the interpretation, as well as the harmonization of the data format that derive from the existing huge amounts of heterogeneous IoT medical devices. In this respect, this study aims at proposing an advanced Home Gateway architecture that offers a unique data collection module, supporting direct data acquisition over multiple protocols (i.e.BLE, MQTT) and indirect data retrieval from cloud health services (i.e. GoogleFit). Moreover, the solution propose a mechanism to automatically convert the original data format, carried over BLE, in HL7 FHIR by exploiting device capabilities semantic annotation implemented by means of FHIR resource as well. The adoption of such annotation enables the dynamic plug of new sensors within the instrumented environment without the need to stop and adapt the gateway. This simplifies the dynamic devices landscape customization requested by the several telemedicine applications contexts (e.g. CVD, Diabetes) and demonstrate, for the first time, a concrete example of using the FHIR standard not only (as usual) for health resources representation and storage but also as instrument to enable seamless integration of IoT devices. The proposed solution also relies on mobile phone technology which is widely adopted aiming at reducing any obstacle for a larger adoption. © 2021, The Author(s).,BLE; FHIR; HL7; Home gateway; IoT; MQTT; Sensors,Springer Science and Business Media Deutschland GmbH,English,Article,10.1007/s40860-021-00161-2,G. Paragliola; ICAR, CNR, Naples, Italy; email: giovanni.paragliola@icar.cnr.it
Fischer C.,Open Ecosystem Through Secure Plug and Play Interoperability: An Overview,2025,Journal of Diabetes Science and Technology,Background: Interoperability is a critical enabler for integrated Personalized Diabetes Management (iPDM), automated insulin delivery (AID), and the digital transformation of healthcare in general. However, manufacturers still create closed ecosystems (ie, solutions designed to work end-to-end minimizing collaboration with other organizations) with proprietary interfaces because of various interoperability challenges. Therefore, the aim of this article is to provide an overview of how to achieve organizational interoperability in an open ecosystem (ie, solutions designed to integrate different organizations via interoperability standards) for diabetes management. Methods: The proposed interoperability design approach called Secure Plug and Play Interoperability (SPPI) supports building and using interoperable system elements in an open ecosystem. Secure Plug and Play Interoperability enables interoperability over the entire system life cycle with its reference architecture, secure interoperability standards, and organizational capabilities. These standards were developed with participation from healthcare providers, regulatory authorities, payers, academia, and manufacturers. Publicly available information provides examples of implementation support and practical usage. Results: Organizational interoperability in an open ecosystem can be achieved through organizational capabilities and a selection of secure interoperability standards. ISO/IEEE 11073, Bluetooth profiles, and HL7 FHIR with test specifications, test tools, software development kits, and quality assurance programs represent a coordinated selection suitable for building an open ecosystem. Practical usage is demonstrated with real-world solutions that build on these standards. Conclusions: Secure Plug and Play Interoperability facilitates the end-to-end integration of devices, digital products, and services from partners in an open ecosystem. Moreover, even a single manufacturer, who provides all system elements of a solution, can use and benefit from SPPI. © 2025 Diabetes Technology Society.,automated insulin delivery; cybersecurity; integrated personalized diabetes management; privacy; reference architecture; standards,SAGE Publications Inc.,English,Article,10.1177/19322968241310253,C. Fischer; Roche Diabetes Care GmbH, Mannheim, Sandhofer Strasse 116, 68305, Germany; email: christoph.fischer@roche.com
Doi S.; Yokota S.; Nagae Y.; Takahashi K.; Aoki M.; Ohe K.,Mapping Injection Order Messages to Health Level 7 Fast Healthcare Interoperability Resources to Collate Infusion Pump Data,2024,Applied Clinical Informatics,Background When administering an infusion to a patient, it is necessary to verify that the infusion pump settings are in accordance with the injection orders provided by the physician. However, the infusion rate entered into the infusion pump by the health care provider cannot be automatically reconciled with the injection order information entered into the electronic medical records (EMRs). This is because of the difficulty in linking the infusion rate entered into the infusion pump by the health care provider with the injection order information entered into the EMRs. Objectives This study investigated a data linkage method for reconciling infusion pump settings with injection orders in the EMRs. Methods We devised and implemented a mechanism to convert injection order information into the Health Level 7 Fast Healthcare Interoperability Resources (FHIR), a new health information exchange standard, and match it with an infusion pump management system in a standard and simple manner using a REpresentational State Transfer (REST) application programming interface (API). The injection order information was extracted fromStandardized StructuredMedical Record Information Exchange version 2 International Organization for Standardization/technical specification 24289:2021 and was converted to the FHIR format using a commercially supplied FHIR conversion module and our own mapping definition. Data were also sent to the infusion pump management system using the REST Web API. Results Information necessary for injection implementation in hospital wards can be transferred to FHIR and linked. The infusion pump management system application screen allowed the confirmation that the two pieces of information matched, and it displayed an error message if they did not. Conclusion Using FHIR, the data linkage between EMRs and infusion pump management systems can be smoothly implemented. We plan to develop a new mechanism that contributes to medical safety through the actual implementation and verification of this matching system. © 2023 Georg Thieme Verlag. All rights reserved.,API; data linkage; health information exchanges; HL7 FHIR; infusion pump; REST; SS-MIX; standard mapping,Georg Thieme Verlag,English,Article,10.1055/s-0043-1776699,S. Doi; Department of Healthcare Information Management, The University of Tokyo Hospital, Tokyo, Hongo 7-3-1, Bunkyo-ku, 113-8655, Japan; email: s.doi@hcc.h.u-Tokyo.ac.jp
Šafran V.; Smrke U.; Ilijevec B.; Horvat S.; Flis V.; Plohl N.; Mlakar I.,Feasibility of a computerized clinical decision support system delivered via a socially assistive robot during grand rounds: A pilot study,2025,Digital Health,Aims and Objective: The aim of this study was to explore the feasibility, usability and acceptance of integrating Clinical Decision Support Systems with Socially Assistive Robots into hospital grand rounds. Background: Adopting Clinical Decision Support Systems in healthcare faces challenges such as complexity, poor integration with workflows, and concerns about data privacy and quality. Issues such as too many alerts, confusing errors, and difficulty using the technology in front of patients make adoption challenging and prevent it from fitting into daily workflows. Making Clinical Decision Support System simple, intuitive and user-friendly is essential to enable its use in daily practice to improve patient care and decision-making. Methods: This six-month pilot study had two participant groups, with total of 40 participants: a longitudinal intervention group (n = 8) and a single-session evaluation group (n = 32). Participants were medical doctors at the University Clinical Center Maribor. The intervention involved implementing a Clinical Decision Support System delivered via a Socially Assistive Robot during hospital grand rounds. We developed a system that employed the HL7 FHIR standard for integrating data from hospital monitors, electronic health records, and patient-reported outcomes into a single dashboard. A Pepper-based SAR provided patient specific recommendations through a voice and SAR tablet enabled interface. Key evaluation metrics were assessed using the System Usability Scale (SUS) and the Unified Theory of Acceptance, Use of Technology (UTAUT2) questionnaire, including Effort Expectancy, Performance Expectancy and open ended questions. The longitudinal group used the system for 6 months and completed the assessments twice, after one week and at the end of the study. The single-session group completed the assessment once, immediately after the experiment. Qualitative data were gathered through open-ended questions. Data analysis included descriptive statistics, paired t-tests, and thematic analysis. Results: System usability was rated highly across both groups, with the longitudinal group reporting consistently excellent scores (M = 82.08 at final evaluation) compared to the acceptable scores of the single-session group (M = 68.96). Extended exposure improved user engagement, reflected in significant increases in Effort Expectancy and Habit over time. Participants found the system enjoyable to use, and while no significant changes were seen in Performance Expectancy, feedback emphasized its efficiency in saving time and improving access to clinical data, supporting its feasibility and acceptability. Conclusions: This research supports the potential of robotic technologies to transform CDSS into more interactive, efficient, and user-friendly tools for healthcare professionals. The paper also suggests further research directions and technical improvements to maximize the impact of innovative technologies in healthcare. © The Author(s) 2025.,Clinical decision support systems; clinical decision-making; hospital grand rounds; patient data integration; perceived quality of care; socially assistive robots; usability and familiarity; user experience questionnaire; workload reduction,SAGE Publications Inc.,English,Article,10.1177/20552076251339012,V. Šafran; Faculty of Electrical Engineering and Computer Science, University of Maribor, Maribor, Slovenia; email: valentino.safran@um.si
Chen S.-Y.; Liu P.-C.; Chang K.-H.; Lai C.-F.,Enterprise-scale multimodal federated self-supervised pretraining for privacy-preserving hyperautomation in healthcare information systems,2026,Enterprise Information Systems,Healthcare enterprises need multimodal AI but face privacy, non-IID heterogeneity, dynamic participation, and weak auditability. We propose an enterprise-scale multimodal federated self-supervised pretraining framework for privacy-preserving hyperautomation. A TargetNet-free federated BYOL learns modality-agnostic encoders for clinical text, images, and device signals without raw data sharing, while reducing communication and supporting client join/leave. An SOA stack with ESB integrates BPMN orchestration, RPA, and human confirmation, binding model I/O to HL7 FHIR and DICOM. Governance adds drift and uncertainty monitoring, audit logs, and lineage. Experiments show robust gains under severe non-IID and edge constraints. © 2026 Informa UK Limited, trading as Taylor & Francis Group.,data and knowledge management; Healthcare enterprise information systems; hyperautomation; multimodal federated self-supervised learning; privacy and governance,Taylor and Francis Ltd.,English,Article,10.1080/17517575.2026.2629553,C.-F. Lai; Department of Engineering Science, National Cheng Kung University, Tainan, Taiwan; email: cinfon@ieee.org
Nichols S.; Laffin B.; Parisot C.,Initial Experience of 10 Imaging Vendors with the IHE SHARAZONE: a New Multivendor Peer-to-Peer Test Service for DICOM Objects,2023,Journal of Digital Imaging,Alignment of DICOM (Digital Imaging and Communications in Medicine) capabilities among vendors is crucial to improve interoperability in the healthcare industry and advance medical imaging 2. However, a sustainable model for sharing DICOM samples is not available. To address this issue, Integrating the Healthcare Enterprise (IHE) has introduced the IHE SHARAZONE, a continuous cross-vendor DICOM data sharing test service. IHE is a highly regarded organization known for profiling standards such as DICOM, HL7 v2 (Health Level Seven, version 2), HL7 CDA (Clinical Document Architecture), and HL7 FHIR (Fast Healthcare Interoperability Resources) into practical solutions for clinical practice. The primary goal of the IHE SHARAZONE is to provide a reliable and consistent cross-vendor DICOM data sharing system. To evaluate its effectiveness, a 5-month pilot was conducted with ten imaging vendors. The pilot concluded with a participant survey, which yielded valuable insights into the initial experience with the IHE SHARAZONE. These findings can inform future improvements and developments to this important service. © 2023, The Author(s) under exclusive licence to Society for Imaging Informatics in Medicine.,Cross-vendor exchange; DICOM (Digital Imaging and Communications in Medicine); IHE (Integrating the Healthcare Enterprise); Interoperability; Medical imaging; SHARAZONE,Institute for Ionics,English,Article,10.1007/s10278-023-00881-2,S. Nichols; GE HealthCare, Waukesha, United States; email: steven.nichols@ge.com
Mandl K.D.; Gottlieb D.; Mandel J.C.; Ignatov V.; Sayeed R.; Grieve G.; Jones J.; Ellis A.; Culbertson A.,Push Button Population Health: The SMART/HL7 FHIR Bulk Data Access Application Programming Interface,2020,npj Digital Medicine,The 21st Century Cures Act requires that certified health information technology have an application programming interface (API) giving access to all data elements of a patient’s electronic health record, “without special effort”. In the spring of 2020, the Office of the National Coordinator of Health Information Technology (ONC) published a rule—21st Century Cures Act Interoperability, Information Blocking, and the ONC Health IT Certification Program—regulating the API requirement along with protections against information blocking. The rule specifies the SMART/HL7 FHIR Bulk Data Access API, which enables access to patient-level data across a patient population, supporting myriad use cases across healthcare, research, and public health ecosystems. The API enables “push button population health” in that core data elements can readily and standardly be extracted from electronic health records, enabling local, regional, and national-scale data-driven innovation. © 2020, The Author(s).,0,Nature Research,English,Article,10.1038/s41746-020-00358-4,K.D. Mandl; Computational Health Informatics Program, Boston Children’s Hospital, Boston, United States; email: Kenneth_Mandl@Harvard.edu
Kobayashi S.; Kimura M.; Kodama Y.; Takada A.; Nagashima S.; Kawazoe Y.; Ohe K.,Development of Japan-Specific HL7 FHIR Medication-Related Profiles,2025,Journal of Medical Systems,Adoption of the HL7 Fast Healthcare Interoperability Resources (FHIR) as the global standard for healthcare information exchange has encouraged many countries to develop localized implementation guides that align with their specific regulatory and clinical needs. In 2018, the NeXEHRS Academic Research Group of the Japan Association of Medical Informatics (JAMI) commenced the creation of JP Core, a collection of FHIR profiles tailored for the Japanese healthcare environment. This study is focused on JP Core v1.2.0 released in December 2024. This includes eight medication-related profiles and 23 extensions that optimize Japanese prescription workflows by incorporating local terminologies such as the HOT and YJ Codes. The transition from Simplifier.net to GitHub, coupled with adoption of the Sushi framework, improved collaboration, version control, and standardization. We also examine the Japanese approach to FHIR governance, highlighting the need for a formal regulatory framework akin to the US Core Implementation Guide and the European governance models. Key challenges include terminology binding, cross-border ePrescription integration, and ongoing profile maintenance. Recommendations include the establishment of a national governance body, alignment of domestic terminologies with international standards (e.g., SNOMED CT), and alignment of JP Core interoperability with global frameworks such as the International Patient Summary (IPS) and the European Union (EU) eHealth guidelines. By analyzing the evolution of JP Core and the integration thereof into the Japanese ePrescription ecosystem, this paper provides insights into future FHIR implementation in Japan and highlights lessons learned from international governance structures. © The Author(s), under exclusive licence to Springer Science+Business Media, LLC, part of Springer Nature 2025.,ePrescription; Governance; HL7 FHIR; Interoperability; JP Core; Medication,Springer,English,Article,10.1007/s10916-025-02173-4,S. Kobayashi; Gifu University, Gifu, Japan; email: kobayashi.shinji.k6@f.gifu-u.ac.jp
Gershkovich P.,Wearing a fur coat in the summertime: Should digital pathology redefine medical imaging?,2025,Journal of Pathology Informatics,Slides are data. Once digitized, they function like any enterprise asset: accessible anywhere, ready for AI, and integrated into cloud workflows. But in pathology, they enter a realm of clinical complexity—demanding systems that handle nuance, integrate diverse data streams, scale effectively, enable computational exploration, and enforce rigorous security. Although the Digital Imaging and Communications in Medicine (DICOM) standard revolutionized radiology, it is imperative to explore its adequacy in addressing modern digital pathology's orchestration needs. Designed more than 30 years ago, DICOM reflects assumptions and architectural choices that predate modular software, cloud computing, and AI-driven workflows. This article shows that by embedding metadata, annotations, and communication protocols into a unified container, DICOM limits interoperability and exposes architectural vulnerabilities. The article begins by examining these innate design risks, then challenges DICOM's interoperability claims, and ultimately presents a modular, standards-aligned alternative. The article argues that separating image data from orchestration logic improves scalability, security, and performance. Standards such as HL7 FHIR (Health Level Seven Fast Healthcare Interoperability Resources) and modern databases manage clinical metadata; formats like Scalable Vector Graphics handle annotations; and fast, cloud-native file transfer protocols, and microservices support tile-level image access. This separation of concerns allows each component to evolve independently, optimizes performance across the system, and better adapts to emerging AI-driven workflows—capabilities that are inherently constrained in monolithic architectures where these elements are tightly coupled. It further shows that security requirements should not be embedded within the DICOM standard itself. Instead, security must be addressed through a layered, format-independent framework that spans systems, networks, applications, and data governance. Security is not a discrete feature but an overarching discipline—defined by its own evolving set of standards and best practices. Overlays such as those outlined in the National Institute of Standards and Technology SP 800-53 support modern Transport Layer Security, single sign-on, cryptographic hashing, and other controls that protect data streams without imposing architectural constraints or restricting technological choices. Pathology stands at a rare inflection point. Unlike radiology, where DICOM is deeply entrenched, pathology workflows still operate in polyglot environments—leveraging proprietary formats, hybrid standards, and emerging cloud-native tools. This diversity, often seen as a limitation, offers a clean slate: an opportunity to architect a modern, modular infrastructure free from legacy constraints. While a full departure from DICOM is unnecessary, pathology is uniquely positioned to prototype the future—to define a more flexible, secure, and interoperable model that other domains in medical imaging may one day follow. With support from forward-looking DICOM advocates, pathology can help reshape not just its own infrastructure, but the trajectory of medical imaging itself. © 2025 The Author(s),AI-driven diagnostics; DICOM; Digital pathology; Healthcare cybersecurity; HL7 FHIR; Interoperability; Modular design; Pathology informatics; Workflow orchestration,Elsevier B.V.,English,Article,10.1016/j.jpi.2025.100450,P. Gershkovich; Department of Pathology, Yale Medical School, Yale University, New Haven, United States; email: peter.gershkovich@yale.edu
Bialke M.; Geidel L.; Hampf C.; Blumentritt A.; Penndorf P.; Schuldt R.; Moser F.-M.; Lang S.; Werner P.; Stäubert S.; Hund H.; Albashiti F.; Gührer J.; Prokosch H.-U.; Bahls T.; Hoffmann W.,A FHIR has been lit on gICS: facilitating the standardised exchange of informed consent in a large network of university medicine,2022,BMC Medical Informatics and Decision Making,Background: The Federal Ministry of Education and Research of Germany (BMBF) funds a network of university medicines (NUM) to support COVID-19 and pandemic research at national level. The “COVID-19 Data Exchange Platform” (CODEX) as part of NUM establishes a harmonised infrastructure that supports research use of COVID-19 datasets. The broad consent (BC) of the Medical Informatics Initiative (MII) is agreed by all German federal states and forms the legal base for data processing. All 34 participating university hospitals (NUM sites) work upon a harmonised infrastructural as well as legal basis for their data protection-compliant collection and transfer of their research dataset to the central CODEX platform. Each NUM site ensures that the exchanged consent information conforms to the already-balloted HL7 FHIR consent profiles and the interoperability concept of the MII Task Force “Consent Implementation” (TFCI). The Independent Trusted Third-Party (TTP) of the University Medicine Greifswald supports data protection-compliant data processing and provides the consent management solutions gICS. Methods: Based on a stakeholder dialogue a required set of FHIR-functionalities was identified and technically specified supported by official FHIR experts. Next, a “TTP-FHIR Gateway” for the HL7 FHIR-compliant exchange of consent information using gICS was implemented. A last step included external integration tests and the development of a pre-configured consent template for the BC for the NUM sites. Results: A FHIR-compliant gICS-release and a corresponding consent template for the BC were provided to all NUM sites in June 2021. All FHIR functionalities comply with the already-balloted FHIR consent profiles of the HL7 Working Group Consent Management. The consent template simplifies the technical BC rollout and the corresponding implementation of the TFCI interoperability concept at the NUM sites. Conclusions: This article shows that a HL7 FHIR-compliant and interoperable nationwide exchange of consent information could be built using of the consent management software gICS and the provided TTP-FHIR Gateway. The initial functional scope of the solution covers the requirements identified in the NUM-CODEX setting. The semantic correctness of these functionalities was validated by project-partners from the Ludwig-Maximilian University in Munich. The production rollout of the solution package to all NUM sites has started successfully. © 2022, The Author(s).,Consent management; FHIR; Informed Consent; Medical data management; Patient rights,BioMed Central Ltd,English,Article,10.1186/s12911-022-02081-4,M. Bialke; Institute for Community Medicine, Department Epidemiology of Health Care and Community Health, University Medicine Greifswald, Greifswald, Ellernholzstr. 1-2, 17475, Germany; email: martin.bialke@uni-greifswald.de
Ciampi M.; Sicuranza M.; Silvestri S.,A Privacy-Preserving and Standard-Based Architecture for Secondary Use of Clinical Data,2022,Information (Switzerland),The heterogeneity of the formats and standards of clinical data, which includes both struc-tured, semi-structured, and unstructured data, in addition to the sensitive information contained in them, require the definition of specific approaches that are able to implement methodologies that can permit the extraction of valuable information buried under such data. Although many challenges and issues that have not been fully addressed still exist when this information must be processed and used for further purposes, the most recent techniques based on machine learning and big data analytics can support the information extraction process for the secondary use of clinical data. In particular, these techniques can facilitate the transformation of heterogeneous data into a common standard format. Moreover, they can also be exploited to define anonymization or pseu-donymization approaches, respecting the privacy requirements stated in the General Data Protection Regulation, Health Insurance Portability and Accountability Act and other national and re-gional laws. In fact, compliance with these laws requires that only de-identified clinical and personal data can be processed for secondary analyses, in particular when data is shared or exchanged across different institutions. This work proposes a modular architecture capable of collecting clinical data from heterogeneous sources and transforming them into useful data for secondary uses, such as research, governance, and medical education purposes. The proposed architecture is able to exploit appropriate modules and algorithms, carry out transformations (pseudonymization and standard-ization) required to use data for the second purposes, as well as provide efficient tools to facilitate the retrieval and analysis processes. Preliminary experimental tests show good accuracy in terms of quantitative evaluations. © 2022 by the authors. Licensee MDPI, Basel, Switzerland.,ETL architecture; HL7 FHIR; Information retrieval; Privacy laws; Pseudonymization; Secondary use of clinical data,MDPI,English,Article,10.3390/info13020087,M. Ciampi; Institute for High Performance Computing and Networking, National Research Council of Italy, Naples, Via Pietro Castellino, 111, 80131, Italy; email: mario.ciampi@icar.cnr.it
Kryszyn J.; Smolik W.T.; Wanta D.; Midura M.; Wróblewski P.,Comparison of OpenEHR and HL7 FHIR Standards,2023,International Journal of Electronics and Telecommunications,Health informatics is characterized by the need to securely store, process and transmit large amounts of sensitive medical data while ensuring interoperability with other systems. Among many standards used in such systems there are two which have gained interest in recent years and cover most of those needs: openEHR and HL7 FHIR. In this paper, both standards are discussed and compared with each other. The architecture of both systems, the similarities and differences, methods of data modeling and ensuring interoperability were presented. © The Author(s). This is an open-access article distributed under the terms of the Creative Commons Attribution License (CC BY 4.0, https://creativecommons.org/licenses/by/4.0/), which permits use, distribution, and reproduction in any medium, provided that the Article is properly cited.,healthcare information technology; HL7 FHIR; medical computer systems; openEHR,Polska Akademia Nauk,English,Article,10.24425/ijet.2023.144330,J. Kryszyn; Faculty of Electronics and Information Technology, Warsaw University of Technology, Warsaw, Poland; email: jacek.kryszyn@pw.edu.pl
Erturkmen G.B.L.; Juul N.K.; Redondo I.E.; Gil A.O.; Berastegui D.V.; de Manuel E.; Yuksel M.; Sarigul B.; Yilmaz G.; Choi Keung S.N.L.I.M.; Arvanitis T.N.; Syse T.D.; Bloemeke-Cammin J.; Kaye R.; Sorknæs A.D.,Design, implementation and usability analysis of patient empowerment in ADLIFE project via patient reported outcome measures and shared decision making,2024,BMC Medical Informatics and Decision Making,Introduction: This paper outlines the design, implementation, and usability study results of the patient empowerment process for chronic disease management, using Patient Reported Outcome Measurements and Shared Decision-Making Processes. Background: The ADLIFE project aims to develop innovative, digital health solutions to support personalized, integrated care for patients with severe long-term conditions such as Chronic Obstructive Pulmonary Disease, and/or Chronic Heart Failure. Successful long-term management of patients with chronic conditions requires active patient self-management and a proactive involvement of patients in their healthcare and treatment. This calls for a patient-provider partnership within an integrated system of collaborative care, supporting self-management, shared-decision making, collection of patient reported outcome measures, education, and follow-up. Methods: ADLIFE follows an outcome-based and patient-centered approach where PROMs represent an especially valuable tool to evaluate the outcomes of the care delivered. We have selected 11 standardized PROMs for evaluating the most recent patients’ clinical context, enabling the decision-making process, and personalized care planning. The ADLIFE project implements the "SHARE approach’ for enabling shared decision-making via two digital platforms for healthcare professionals and patients. We have successfully integrated PROMs and shared decision-making processes into our digital toolbox, based on an international interoperability standard, namely HL7 FHIR. A usability study was conducted with 3 clinical sites with 20 users in total to gather feedback and to subsequently prioritize updates to the ADLIFE toolbox. Results: User satisfaction is measured in the QUIS7 questionnaire on a 9-point scale in the following aspects: overall reaction, screen, terminology and tool feedback, learning, multimedia, training material and system capabilities. With all the average scores above 6 in all categories, most respondents have a positive reaction to the ADLIFE PEP platform and find it easy to use. We have identified shortcomings and have prioritized updates to the platform before clinical pilot studies are initiated. Conclusions: Having finalized design, implementation, and pre-deployment usability studies, and updated the tool based on further feedback, our patient empowerment mechanisms enabled via PROMs and shared decision-making processes are ready to be piloted in clinal settings. Clinical studies will be conducted based at six healthcare settings across Spain, UK, Germany, Denmark, and Israel. © The Author(s) 2024.,Chronic Disease Management; Decision Aids; Interoperability; Patient Empowerment Platform; Patient Reported Outcome Measures; Shared Decision Making,BioMed Central Ltd,English,Article,10.1186/s12911-024-02588-y,G.B.L. Erturkmen; SRDC Software Research Development & amp; Consultancy Corp, ODTU Teknokent Silikon Blok Kat, Ankara, 1 No:16 Cankaya, 06800, Turkey; email: gokce@srdc.com.tr
Ileana M.; Petrov P.; Milev V.,AI-Enabled Secure and Scalable Distributed Web Architecture for Medical Informatics,2025,Applied Sciences (Switzerland),Current medical informatics systems face critical challenges, including limited scalability across distributed institutions, insufficient real-time AI-driven decision support, and lack of standardized interoperability for heterogeneous medical data exchange. To address these challenges, this paper proposes a novel distributed web system architecture for medical informatics, integrating artificial intelligence techniques and cloud-based services. The system ensures interoperability via HL7 FHIR standards and preserves data privacy and fault tolerance across interconnected medical institutions. A hybrid AI pipeline combining principal component analysis (PCA), K-Means clustering, and convolutional neural networks (CNNs) is applied to diffusion tensor imaging (DTI) data for early detection of neurological anomalies. The architecture leverages containerized microservices orchestrated with Docker Swarm, enabling adaptive resource management and high availability. Experimental validation confirms reduced latency, improved system reliability, and enhanced compliance with medical data exchange protocols. Results demonstrate superior performance with an average latency of 94 ms, a diagnostic accuracy of 91.3%, and enhanced clinical workflow efficiency compared to traditional monolithic architectures. The proposed solution successfully addresses scalability limitations while maintaining data security and regulatory compliance across multi-institutional deployments. This work contributes to the advancement of intelligent, interoperable, and scalable e-health infrastructures aligned with the evolution of digital healthcare ecosystems. © 2025 by the authors.,cloud-based EHR systems; custom relationship management; distributed web systems; electronic health records; healthcare data security; healthcare performance optimization; medical data interoperability; medical informatics; patient-centered systems; scalable healthcare solutions,Multidisciplinary Digital Publishing Institute (MDPI),English,Article,10.3390/app151910710,M. Ileana; Interdisciplinary Doctoral School, National University of Science and Technology POLITEHNICA Bucharest, Pitesti University Center, Pitesti, 110040, Romania; email: marianileana95@gmail.com
Hofmann A.-L.; Wendel J.; Selig U.; Cidlinsky P.; Vogl C.; Scriba S.; Zech C.; Wurmb T.; Ertl M.; Mehdi M.; Bavendiek U.; Krefting D.; Volkmann J.; Kraft P.; Hametner C.; Haeusler K.G.; Reese J.-P.; Heuschmann P.,Time-critical quality assessment of a digital hub for acute stroke care: Implementing key performance indicators within the CAEHR (CArdiovascular diseases – Enhancing Healthcare through cross-sectoral Routine data integration) project,2026,Informatics in Medicine Unlocked,Purpose Timely treatment for acute stroke requires rapid admission to specialized centers, which is challenging in rural areas. Hereby we report: the conceptualization of implementing digital interfaces to improve time-critical communication between Emergency Medical Services (EMS), regional hospitals, and stroke centers; the development of key performance indicators (KPIs) for pre-hospital stroke care; and the experience of a proof-of-concept pilot study. Method Within the CAEHR (CArdiovascular diseases – Enhancing Healthcare through cross-sectoral Routine data integration) project, three HL7/FHIR compliant interfaces were conceptualized to enhance communication between EMS, regional hospitals, and the stroke unit at the University Hospital of Würzburg based on experiences of a telemedical network in rural Northwest-Bavaria. To prepare the evaluation of the impact of these interfaces, a standardized set of KPIs for pre-hospital stroke care was developed and piloted regarding feasibility within a proof-of-concept pilot study. Results An interface enabling real-time exchange of EMS pre-notification and protocols was developed to improve EMS-to-stroke center communication. Another interface linked PACS systems of regional hospitals with the stroke unit to facilitate faster image transmission. 27 KPIs for measuring acute stroke care quality were defined by a multidisciplinary group using a standardized evidence-based approach. In a proof-of-concept pilot study comprising 25 patients, KPIs demonstrated feasibility regarding implementation and patient follow-up. Conclusion Digital interfaces to improve time-critical communication in acute stroke care were successfully conceptualized. A larger validation study is required to assess their impact on pre-defined quality measures in pre-hospital stroke care. Study registration The study was registered on the German Clinical Trials Register (DRKS00029103) in July 2022. Drks id DRKS00029103. © 2026 The Authors.,Acute stroke; Emergency care; Key performance indicators; Pilot phase,Elsevier Ltd,English,Article,10.1016/j.imu.2026.101745,A.-L. Hofmann; Institute of Clinical Epidemiology and Biometry, Julius-Maximilians-Universität Würzburg (JMU), Würzburg, Am Schwarzenberg 15, Haus A15 – 4.Stock, 97078, Germany; email: Hofmann_a9@ukw.de
Kiourtis A.; Mavrogiorgou A.; Kyriazis D.,Health information exchange through a Device-to-Device protocol supporting lossless encoding and decoding,2022,Journal of Biomedical Informatics,Despite the availability of secure electronic data transfers, most medical information is still stored on paper, and it is usually shared by mail, fax or the patients themselves. Today's technologies aim to the challenge of sharing healthcare information, since exchanging inaccurate data leads to inefficiency and errors. Currently, there exist numerous techniques for exchanging data, which however require continuous internet connection, thus lacking generic applicability in healthcare, in the cases where no internet connection is available. In this paper, a new Device-to-Device (D2D) protocol is proposed, specifying a series of Bluetooth messages regarding the healthcare information that is being exchanged in short-range distances, between a healthcare-practitioner and a citizen. This information refers to structured and unstructured data, which can be directly exchanged through a globally used communication protocol, extending it for the permission of exchanging HL7 FHIR Bluetooth structured messages. Moreover, for high volume data, the D2D protocol can support lossless compression and decompression, improving its overall efficiency. The protocol is firstly evaluated through exchanging sample data in a real-world scenario, whereas an overall comparison of exchanging multiple sized data either using lossless compression or not is being provided. According to the evaluation results, the D2D protocol specification was strictly followed, successfully providing the ability to exchange healthcare-related data, with Bluetooth being considered the most suitable technology for current needs. For small-sized data, the D2D protocol performs better without the provided lossless compression mechanism, whereas in the case of large-sized data lossless compression is considered as the only option. © 2022 Elsevier Inc.,Bluetooth; D2D protocol; Health information exchange; Lossless compression; Lossless encoding,Academic Press Inc.,English,Article,10.1016/j.jbi.2022.104199,A. Kiourtis; University of Piraeus - Department of Digital Systems, Piraeus, Μ. Karaoli & Α. Dimitriou 80, 18534, Greece; email: kiourtis@unipi.gr
Ecarot T.; Fraikin B.; Lavoie L.; McGilchrist M.; Ethier J.-F.,A sensitive data access model in support of learning health systems,2021,Computers,Given the ever-growing body of knowledge, healthcare improvement hinges more than ever on efficient knowledge transfer to clinicians and patients. Promoted initially by the Institute of Medicine, the Learning Health System (LHS) framework emerged in the early 2000s. It places focus on learning cycles where care delivery is tightly coupled with research activities, which in turn is closely tied to knowledge transfer, ultimately injecting solid improvements into medical practice. Sensitive health data access across multiple organisations is therefore paramount to support LHSs. While the LHS vision is well established, security requirements to support them are not. Health data exchange approaches have been implemented (e.g., HL7 FHIR) or proposed (e.g., blockchain-based methods), but none cover the entire LHS requirement spectrum. To address this, the Sensitive Data Access Model (SDAM) is proposed. Using a representation of agents and processes of data access systems, specific security requirements are presented and the SDAM layer architecture is described, with an emphasis on its mix-network dynamic topology approach. A clinical application benefiting from the model is subsequently presented and an analysis evaluates the security properties and vulnerability mitigation strategies offered by a protocol suite following SDAM and in parallel, by FHIR. © 2021 by the authors. Licensee MDPI, Basel, Switzerland.,Communication system security; Data security; Healthcare; Network security; Protocols,MDPI AG,English,Article,10.3390/computers10030025,J.-F. Ethier; Centre interdisciplinaire de recherche en informatique de la santé, Université de Sherbrooke, Sherbrooke, J1K 2R1, Canada; email: jean-francois.ethier@usherbrooke.ca
Gómez D.; Romero J.; López P.; Vázquez J.; Cappo C.; Pinto D.; Villalba C.,Cloud architecture for electronic health record systems interoperability,2022,Technology and Health Care,BACKGROUND: Current Electronic Health Record (EHR) systems are built using different data representation and information models, which makes difficult achieving information exchange. OBJECTIVE: Our aim was to propose a scalable architecture that allows the integration of information from different EHR systems. METHODS: A cloud-based EHR interoperable architecture is proposed through the standardization and integration of patient electronic health records. The data is stored in a cloud repository with high availability features. Stakeholders can retrieve the patient EHR by requesting only to the integrated data repository. The OpenEHR two-level approach is applied according to the HL7-FHIR standards. We validated our architecture by comparing it with 5 different works (CHISTAR, ARIEN, DIRAYA, LLPHR and INEHRIS) using a set of selected axes and a scoring method. RESULTS: The problem was reduced to a single point of communication between each EHR system and the integrated data repository. By combining cloud computing paradigm with selected health informatics standards, we obtained a generic and scalable architecture that complies 100% with interoperability requisites according to the evaluation framework applied. CONCLUSIONS: The architecture allowed the integration of several EHR systems, adapting them with the use of standards and ensuring the availability thanks to cloud computing features.  © 2022 - IOS Press. All rights reserved.,Cloud EHR; Electronic health records; health informatics standards; HL7 FHIR; interoperability; OpenEHR,IOS Press BV,English,Article,10.3233/THC-212806,C. Villalba; Nucleus of Research and Technological Development, Polytechnic Faculty, National University of Asuncion, San Lorenzo, Mariscal Lopez Avenue, Paraguay; email: cvillalba@pol.una.py