Authors,Title,Year,Journal,Abstract,Keywords,Publisher/Editorial,Language,Document Type,DOI,City of publication,TIPO SCOPUS/WOS
1,"Herrmann F.; Nieto-Ruiz A.; Sepúlveda-Valbuena N.; Miranda M.T.; Diéguez E.; Jiménez J.; De-Castellar R.; García-Ricobaraza M.; García-Santos J.A.; G. Bermúdez M.; Campoy C.","Infant formula enriched with milk fat globule membrane, long-chain polyunsaturated fatty acids, synbiotics, gangliosides, nucleotides and sialic acid reduces infections during the first 18 months of life: The COGNIS study",2021,Journal of Functional Foods,"Functional nutrients like synbiotics or milk-fat globule membrane (MFGM) affect positively host immunity, modifying intestinal microbioma and reducing early childhood infections. We compared effects of an experimental enriched-infant formula with long chain polyunsaturated fatty acids, MFGM, synbiotics, sialic acid, nucleotides and gangliosides to a standard infant formula and breastfeeding regarding infections incidence and evolution in infants until 18 months of age. 170 healthy infants were enrolled in a RCT to receive either a bioactive functional nutrients enriched infant formula (EF, n = 85) or a standard formula (SF, n = 85). 50 breastfed (BF) infants were also enrolled. At age 12 months, EF group compared to SF and BF groups showed a lower incidence of infectious episodes. Moreover, they also presented less incidence of respiratory tract infections and gastrointestinal infections than SF infants, reducing risk by 30.2% and 32.5%, respectively. Infants fed with an EF seem to have reduced incidence of certain infections at 12 months of age. © 2021","Early nutrition; Infant formula; Infection; Milk fat globule membrane; Synbiotics",Elsevier Ltd,English,Article,10.1016/j.jff.2021.104529,Spain,Scopus
2,"Ramirez-Silva I.; Pérez Ferrer C.; Ariza A.C.; Tamayo-Ortiz M.; Barragán S.; Batis C.; Cantoral A.; Sánchez M.; Zambrano E.; Burguete-Garciá A.I.; Avila-Jimenez L.; Ramakrishnan U.; Stein A.D.; Martorell R.; Rivera J.A.","Infant feeding, appetite and satiety regulation, and adiposity during infancy: A study design and protocol of the € MAS-Lactancia' birth cohort",2021,BMJ Open,"Introduction The prevalence of childhood obesity has risen dramatically in recent years. A proportion of this burden has been attributed to factors that occur during the first 1000 days of life such as genetic predisposition, breast feeding and complementary feeding. Although the mechanisms by which these factors affect weight and adiposity are less well understood, appetite and satiety regulation may be a key to understanding them. This cohort study aims to investigate the role of appetite and satiety regulation as a mediator in the association between infant feeding practices and genetic polymorphisms with children's growth, adiposity and metabolic risk factors. Methods and analysis € MAS-Lactancia' (the first word means € more' and is also an acronym in Spanish for € Appetite and Satiety Mechanisms', the second word is € breastfeeding') is an open, ongoing, prospective birth cohort that began the enrolment in 2016 of mother-child pairs affiliated to the Mexican Social Security Institute and that live in the city of Cuernavaca, Mexico. Pregnant women between 16-week and 22-week gestation are followed during the second half of their pregnancies, at birth and throughout their infant's first 48 months of life (at 1 month, 3 months, 6 months, 9 months, 12 months, 18 months, 24 months, 36 months and 48 months) at the clinic and at-home visits that include questionnaires, anthropometric measurements and biospecimen collection. The main exposure variables are infant feeding (breast feeding and complementary feeding) and genetic polymorphisms (fat mass and obesity-associated, leptin and adiponectin genes). Outcome variables include infant's growth, adiposity and metabolic risk factors. We will conduct longitudinal models and path analyses to identify the potential mediating role of satiety and appetite indicators (leptin, adiponectin, insulin concentrations, appetite and satiety perception). Ethics and dissemination The study protocol, data collection instruments, consent forms and procedures were approved by the institutional review boards of the National Institute of Public Health and the Mexican Social Security Institute in Mexico. Findings will be disseminated through conferences, peer-reviewed publications and meetings with stakeholders.  ©","nutrition & dietetics; paediatrics; perinatology",BMJ Publishing Group,English,Article,10.1136/bmjopen-2021-051400,Mexico,Scopus
3,"Hass J.V.; Panceri C.; Silveira R.C.; Valentini N.C.","Breastfeeding, Mother–Child Dyads of Interaction, and Neurodevelopment of Preterm Children: A Longitudinal Study of Feeding Methods During the First Two Years",2025,Children,"Highlights: What are the main findings? Exclusive breastfeeding was associated with consistently higher motor, cognitive, language, and social scores in preterm children during the first two years of life compared to formula feeding; mixed feeding showed intermediate outcomes. The quality of mother–child interactions was a stronger predictor of better developmental trajectories, while clinical vulnerabilities (e.g., prolonged NICU stay, BPD, leukomalacia) negatively influenced outcomes. What are the implications of the main findings? Breastfeeding functions as both a biological and relational protective factor, supporting neurodevelopment while strengthening sensitive mother–child interactions. Interventions that promote breastfeeding and responsive caregiving are crucial strategies to buffer clinical risks and optimize developmental outcomes in preterm children. Objective: Our objectives were as follows: (1) to compare cognitive, motor, language, and social performance, parenting skills, and mother–child interactions among preterm children exposed to different feeding practices (exclusive breastfeeding, mixed feeding, and formula feeding) during the first two years of life; and (2) to examine the associations between the feeding type, risks and protective factors, and neurodevelopmental outcomes (cognitive, motor, language, and social domains) in these population in the first two years of life. Method: A total of 116 preterm children (<32 weeks gestational age—GA) and their mothers were recruited from a public hospital in southern Brazil and followed at a neonatal clinic. Children were organized into three groups based on feeding at NICU discharge (exclusive breastfeeding, formula, or mixed feeding). Assessments were conducted at 4, 8, 12, 18, and 24 months of corrected age using the BSITD-III and additional validated instruments measuring environment stimulation, daily activities, maternal knowledge, breastfeeding experience, and mother–child interactions. Results: Clinical and sociodemographic factors were similar across feeding groups. Group comparisons showed that exclusive breastfeeding was associated with higher motor scores at 12 (p = 0.015) and 24 (p = 0.026) months, higher cognitive scores at 12 (p = 0.049) and 18 (p = 0.013) months, and higher language scores at 12 (p < 0.001) and 18 (p = 0.014) months compared to formula feeding. In the social domain, the exclusive breastfeeding group consistently outperformed the formula group across most time points, although a temporary dip was observed at 18 months. Mixed feeding showed intermediate patterns. Children in the exclusive breastfeeding group also demonstrated higher maternal parenting skills and stronger mother–child interactions across time. Longitudinal analyses revealed that the quality of mother–child interactions predicted better motor, cognitive, language, and social outcomes, while clinical vulnerabilities (e.g., prolonged NICU stay, BPD, leukomalacia) negatively influenced trajectories. Conclusions: Exclusive breastfeeding and responsive mother–child interactions emerged as consistent protective factors across developmental domains, buffering the adverse effects of clinical risks. Breastfeeding not only enhances maternal engagement but also contributes to more favorable motor, cognitive, language, and social outcomes in preterm children. Supporting breastfeeding and promoting sensitive caregiving practices are essential strategies for optimizing developmental trajectories and improving the quality of life in this vulnerable population. © 2025 by the authors.","breastfeeding; child development; children formula; prematurity",Multidisciplinary Digital Publishing Institute (MDPI),English,Article,10.3390/children12111480,Brazil,Scielo
4,"Carrillo-Díaz M.; Ortega-Martínez A.R.; Ruiz-Guillén A.; Romero-Maroto M.; González-Olmo M.J.",Impact of breastfeeding and cosleeping on early childhood caries: A cross-sectional study,2021,Journal of Clinical Medicine,"The type and duration of breastfeeding can be key factors in the development of early childhood caries (ECC). The association between nighttime feeding and ECC was investigated. Specifically, whether cosleeping is a potential mediator of children’s oral health was investigated, considering many of the etiological factors of caries. In this cross-sectional study, 212 children (aged 2–4 years) from Madrid (Spain) who breastfed at night were examined to assess the mean decayed/filled primary teeth (dft) index, and a questionnaire was administered to the mothers to collect data on the practice of breastfeeding and cosleeping and its duration, the number of nighttime feeding sessions, sugar content in the diet, dental hygiene habits, and age at first dental visit. The dft index was lower in the group that breastfed for less than 18 months (p = 0.02). In addition, there were significant differences in the dft index in the group breastfeeding for more than 18 months between those who coslept for 18 months or more and those who coslept for less than 18 months (p < 0.05), as well as between those who coslept for 18 months or more and those who did not cosleep (p < 0.01). In conclusion, breastfeeding at night from 18 months onwards is considered a risk factor for ECC. © 2021 by the authors. Licensee MDPI, Basel, Switzerland.","Breastfeeding; Cosleeping; Early childhood caries; Oral health; Oral hygiene",MDPI,English,Article,10.3390/jcm10081561,Spain,Scielo
5,"García-de-León-Chocano R.; Sáez C.; Muñoz-Soler V.; Oliver-Roig A.; García-de-León-González R.; García-Gómez J.M.",Robust estimation of infant feeding indicators by data quality assessment of longitudinal electronic health records from birth up to 18 months of life,2021,Computer Methods and Programs in Biomedicine,"Background and objective: The Baby-Friendly Hospital Initiative (BFHI) is an international strategy aimed at improving breastfeeding practices in health care services. Regular monitoring of indicators is key for BFHI implementation and maintenance. Currently, routine data collected from electronic health records (EHR) is an excellent source for infant feeding monitoring, however data quality (DQ) assessment should be undertaken. The aim of this research is to enable robust estimations of infant feeding indicators through DQ assessment of routine EHR data. Materials and methods: We use the longitudinal series of healthcare contacts belonging to 6427 children born from 2009 to 2018 in the Health Area V of Murcia (Spain). Longitudinal data came from EHR at hospital discharge and community infant health reviews up to 18 months. The data of each healthcare contact contained a 24-h recall of infant feeding. We perform a DQ process in three phases: (1) an assessment of each-single-contact and the definition of their infant feeding status; (2) a longitudinal DQ assessment of completeness and consistency of the series of contacts to obtain meta-information that guides the duration calculus, for each case, of the different types of breastfeeding: exclusive breastfeeding (EBF), full breastfeeding (FBF) and any breastfeeding (ABF); and finally (3) a robust estimation of indicators and description of DQ of each indicator. Results: We found deficiencies of DQ in 30.42% of single contacts for EBF, 19.02% for FBF and 22.50% for ABF that were used to establish the infant feeding status. However, after longitudinal DQ assessment, we obtained valid and reliable data rates for most indicators such as “median duration of breastfeeding” nearly 90%, both for FBF and ABF, not so for EBF. Conclusions: Despite the DQ deficiencies found in raw data, the DQ assurance approach by indicators proposed in this work, allowed us to obtain a robust estimation of indicators with a significant percentage of subjects with valid information for ABF and FBF monitoring. The estimations were consistent with results previously published. The methodology provided with this study allows a continuous and reliable population monitoring of infant feeding indicators of BFHI from routine EHR data. © 2021","Baby-friendly hospital initiative; Data quality; Electronic health record; Indicator; Infant feeding; Monitoring",Elsevier Ireland Ltd,English,Article,10.1016/j.cmpb.2021.106147,Spain,Scielo
6,"Carrillo-Díaz M.; Lacomba-Trejo L.; Pérez-Chicharro M.; Romero-Maroto M.; González Olmo M.J.",Oral-health-related quality of life and cosleeping: The role of nocturnal breastfeeding,2021,Children,"The purpose of this paper is to analyse the association between cosleeping and the number of breastfeeding sessions in infants, OHRQoL of the child and the family, and the DMFT Child’s index. The sample comprised 273 children (2–4 years old). In addition to the clinical examination of the child to assess the DMFT Index, the mother was requested to complete a questionnaire to collect data about the breastfeeding practice, diet, dental hygiene, dental check-ups, quality of the child’s oral life, and family impact (ECOHIS Scale). The children’s OHRQoL is positively correlated with number of night-time breastfeeding sessions at 12 months (r2 = 0.40 **), DMFT index (r2 = 0.60 **), impact family (r2 = 0.65 **), and duration of cosleeping (r2 = 0.36 **). The moderating effect explained 41% of OHRQoL; the interaction between the number of breastfeeding sessions at 18 months and the DMFT index significantly increased the coefficient of determination. A longer practice time for cosleeping was associated with an increase in breastfeeding sessions, a higher impact on OHRQoL, a higher family impact, and a higher DMFT index. More than three night-time breastfeeding sessions moderate the relationship between the DMFT index and the child’s OHRQoL. © 2021 by the authors. Licensee MDPI, Basel, Switzerland.","Breastfeeding; Child relations; Cosleeping; Early childhood caries; Oral health; Oral-health-related quality of life",MDPI,English,Article,10.3390/children8110969,Spain,Scielo
7,"Arguelles-López A.; Trujillo-Rivera O.A.; Calderón-de la Barca A.M.","Dietary patterns of sonoran breastfeeding women are associated to exclusive or partial breastfeeding regimes; [Los patrones dietarios de mujeres sonorenses amamantando se asocian con los regímenes de lactancia exclusiva o parcial]",2024,Boletin Medico del Hospital Infantil de Mexico,"Background: During breastfeeding, the maternal diet ensures mothers and infants health. Therefore, it is necessary to update information about the diet of exclusively or partially breastfeeding women in each population. We evaluated the diet of Sonoran breastfeeding women, identified their dietary patterns, and examined their association with the breastfeeding regime. Methods: In this cross-sectional study, 62 women breastfeeding exclusively (n = 43) or partially (n = 19) participated. The diet was assessed using a food frequency questionnaire, and patterns were identified through principal component analysis. Results: Overall, fats and sodium intake were higher, while potassium intake was lower than recommended. Two dietary patterns were identified: “regional” (n = 36) and “prudent” (n = 26). Women following the “prudent” pattern consumed more protein, calcium, and potassium than those following the “regional” pattern (p < 0.05). The probability of exclusively breastfeeding women having a “prudent” dietary pattern was higher than that of partially breastfeeding women (adjusted odds ratios = 7.29, p = 0.019). Conclusions: Exclusive breastfeeding possibly motivated mothers to follow a more prudent diet than those who partially breastfed. Therefore, it is crucial to promote a healthy diet among breastfeeding mothers. © 2023 Hospital Infantil de México Federico Gómez.","Breastfeeding; Dietary patterns; Sonoran women",Permanyer Publications,English,Article,10.24875/BMHIM.23000084,Mexico,Scielo
8,"Sabogal I.M.U.; Nariño C.C.D.; Monsalve M.A.M.",Lactation counseling for maintaining exclusive breastfeeding in adolescent mothers: a trial protocol,2021,Pilot and Feasibility Studies,"Background: Adolescent mothers have lower rates of initiation, continuation, and exclusivity of breastfeeding, and even more so in the first pregnancy. Current interventions target adult women, and little evidence is available for breastfeeding promotion among adolescents. Methods: This is a pilot study protocol with a parallel, single-blind, randomized, and controlled trial design, to evaluate the feasibility of the intervention “Lactation Counseling” in first-time adolescent mothers to maintain exclusive breastfeeding in the first 6 months of life. The control group will receive routine education in prenatal care and prenatal and childbirth classes, the experimental group will receive additionally the intervention “Lactation Counseling”, for 4 weeks, both conducted by trained nurses. Feasibility outcome includes recruitment and dropout rates, and, pilot outcomes will be the exclusive breastfeeding rate and the breastfeeding knowledge. Measurements will be taken at baseline, post-intervention, and 2, 4, and 6 months after childbirth. Discussion: Exclusive breastfeeding rates could be increased in adolescent mothers through nursing counseling interventions that are previously structured and evaluated from their feasibility. This study will allow the evaluation of the feasibility of an intervention in low-income, Latin American population adolescents. Trial registration: ClinicalTrials.gov NCT04655846, Registered 7 December 2020. © 2021, The Author(s).","Breastfeeding; Nursing care; Nursing education; Nursing process; Pregnancy in adolescence",BioMed Central Ltd,English,Article,10.1186/s40814-021-00950-9,Colombia,Scielo
9,"Vidal-Batres M.; Marquis G.S.; Pareja R.G.","Infant and Maternal Morbidity Symptoms as Predictors for the Interruption of Exclusive Breastfeeding in Lima, Peru: A Prospective Study",2024,Journal of Pediatric Health Care,"Introduction: The global prevalence of exclusive breastfeeding for 6 months is 48%. This analysis examined the relationship between infant and maternal morbidity symptoms and the interruption of exclusive breastfeeding. Methods: Data from a cohort study among women living in a peri-urban community in Peru were used. Data were collected during pregnancy, birth, and the first 6 months postpartum among 179 dyads. Results: After the first month, interruption of exclusive breastfeeding was almost twofold (adjusted odds ration [aOR] = 1.99, 95% confidence interval [CI]: 1.14, 3.45) more likely among infants with symptoms (e.g., diarrhea, cough) than those without. Maternal morbidity symptoms (e.g., gastrointestinal, respiratory) and breast problems were positively associated with interruption of exclusive breastfeeding throughout the first 6 months (aOR = 1.77, 95% CI: 1.11, 2.82 and aOR = 3.23, 95% CI: 1.84, 5.69, respectively). Discussion: Mother–infant dyads often experience illness symptoms that are not contraindications to breastfeeding. Health professionals need to reinforce that exclusive breastfeeding should continue during illness. © 2024 The Authors","breast problems; infant feeding; Lactation; peri-urban community; respiratory illness",Elsevier Inc.,English,Article,10.1016/j.pedhc.2024.02.003,Peru,Scielo
10,"Avellaneda C.; Gallego-Hurtado L.V.; Pinilla-Ortiz C.A.; Trochez-Penagos L.M.; Aguirre-Santafé L.A.","Perception of extended breastfeeding practice in a women's support group; [Percepción de la práctica de lactancia materna extendida en un grupode apoyo de mujeres]",2023,Revista de Salud Publica,"Objective To describe the perception of the practice of extended breastfeeding in women members of a breastfeeding support group in Santiago de Cali, Colombia. Methods Qualitative approach, conversational analysis. Semi-structured interviews were applied to a group of women who provided extended breastfeeding to their children, to record their perception regarding the benefits of breastfeeding and the attitudes of their immediate social environment regarding this activity. Results The participants positively valued the fact of providing extended breastfeeding, indicating that it favors the cognitive development of their children and improves the affective bond between them. The immediate support network (social, family, or partner) was identified as a factor that facilitates the implementation of this practice. In addition, participating in a support group strengthened her basic knowledge of breastfeeding and boosted her leadership and empowerment. Conclusions Participating in a support group for extended breastfeeding is perceived as a factor that encourages this practice and benefits both the health and development of the baby. © 2023, Universidad Nacional de Colombia. All rights reserved.","Breastfeeding; community networks; food and nutrition security (source: MeSH, NLM); health promotion; perception",Universidad Nacional de Colombia,Spanish,Article,10.15446/rsap.v25n1.104809,Colombia,WoS
11,"González-Castell L.D.; Unar-Munguía M.; Bonvecchio-Arenas A.; Rivera-Pasquel M.; Lozada-Tequeanes A.L.; Ramírez-Silva C.I.; Álvarez-Peña I.J.; Cobo-Armijo F.; Rivera-Dommarco J.Á.","Breastfeeding; [Lactancia materna]",2024,Salud Publica de Mexico,"Objective. Estimate breastfeeding gaps in Mexico to achieve the 2030 global nutrition goals and provide public policy recommendations. Materials and methods. Data from women 12–59 years old and their children <24 months was analyzed using the National Health and Nutrition Survey (Ensanut, in Spanish) 2021 to 2023 to calculate breastfeeding indicators.The gaps to achieve the 2030 breastfeeding goals were estimated through comparison with national trends, considering the effectiveness of interventions in contexts similar to Mexico. Results. The prevalence of exclusive breastfeeding (EBF) in children <6 months is 34.2% and 43% for continued breastfeeding at two years. Breastfeeding prevalence is lower among women with lower parity and with paid employment, and higher among women with a low Well-being Conditions Index at the household level and those who received previous information about breastfeeding during pregnancy or in consultation. With the current trend, it is estimated 42.5% of EBF by 2030.The 2030 global nutrition goal of 70% EBF will only be achieved if health and community personnel are trained to provide breastfeeding counseling, if the Baby-Friendly Hospital Initiative is strengthened, if there is compliance with the International Code of Marketing of Breastmilk Substitutes, and if paid maternity leave is extended in Mexico. Conclusions. It is necessary to implement policies and actions from different sectors that facilitate breastfeeding to achieve 2030 global nutrition goals. © (2024), (Instituto Nacional de Salud Publica). All rights reserved.","2030 global nutrition goals; breastfeeding; brechas; gaps; lactancia materna; Mexico; México; objetivo global de nutrición 2030",Instituto Nacional de Salud Publica,English,Article,10.21149/15898,Mexico,Scielo
12,"Bolaños-Villar A.V.; Beltrán-Sauceda I.L.; Calderón-de-la-barca A.M.","Effectiveness of printed infographics to promote breastfeeding in the Sonora population; [Efectividad de la infografía impresa para promover el amamantamiento en la población de Sonora]",2023,Boletin Medico del Hospital Infantil de Mexico,"Background: In Mexico, the prevalence of exclusive breastfeeding for 6 months is low (28.6%); in the state of Sonora, it is only 15%. Effective strategies are needed to promote it. The aim of this study was to evaluate the effectiveness of printed infographics designed to promote breastfeeding in mothers from Sonora. Methods: We prospectively studied lactation regi-mes from birth. Intention to breastfeed, general characteristics of the mother-infant dyad, and telephone number were regis-tered. Participants received educational training in the hospital; those assigned to the intervention group (IG) also received up to five infographic materials (designed and evaluated previously) in different perinatal periods, while those in the control group (CG) did not. At two months postpartum, the infant feeding practice and reasons for introducing formula were collec-ted by phone. Data were analyzed with the χ2 test. Results: Of 1705 women enrolled, 57% were missed during follow-up. Although 99% of participants planned to breastfeed, 92% of IG did so, compared to 78% of CG (95% Confidence interval [CI]: 7.04, 19.98; p < 0.0001). Mothers in the IG used more formula than those in the CG (6 vs. 21%; 95% CI: −20.54, −8.0; p < 0.0001), arguing insufficient milk production. The delivery of three infographics (one in prepartum and two in the hospi-tal-training), or five infographics in different periods, promoted breastfeeding in 95% of participants. Conclusions: The dis-tribution of printed infographics and initial training promoted breastfeeding, although not its exclusivity. © 2022 Hospital Infantil de México Federico Gómez.","Breastfeeding; Promotional infographics; Sonoran mothers",Permanyer Publications,English,Article,10.24875/BMHIM.22000141,Mexico,Scielo
13,"Malaver-Parra D.; Guerrero-Lozano R.; Malaver E.","Determinants of Exclusive Breastfeeding Worldwide and in Colombia: A Systematic Literature Review; [Determinantes de la lactancia materna exclusiva en el mundo y en Colombia: revisión sistemática de la literatura]",2025,Iatreia,"Introduction: Exclusive breastfeeding (EBF) is essential for infant health; although the WHO recommends it for the first 6 months of life, global adherence remains low. Despite various interventions in Colombia, its average duration is not as expected. More research is needed on the determinants of EBF in Colombia and globally. Objectives: To identify factors determining compliance with or abandonment of EBF worldwide, and to ascertain the existence of similar factors in Colombia. Methods: A systematic review was conducted in PubMed following the PRISMA protocol, including studies in English and Spanish, with mothers aged 14-50 years and children aged 0-24 months. Results: 35 articles were included: 10 systematic reviews and meta-analyses, 9 cohort studies, 13 cross-sectional studies, 2 randomized controlled trials, and 1 mixed study, covering 21 countries and identifying 58 variables associated with successful EBF or its abandonment. Discussion: Multiple social, cultural, economic, and personal factors influencing EBF can be risky or protective depending on the population. In Colombia, associations with some of the most frequently described factors are found. Factors and variables not included in previous reviews are proposed for further analysis. Conclusions: Relevant variables for EBF in Colombia and worldwide were identified. The fundamental role of health professionals in promoting EBF was highlighted, as well as the need for effective practice in the population. © 2025 Universidad de Antioquia.","Barriers to Access of Health Services; Breast Feeding; Health Risk Behaviors; Integral Healthcare Practice; Social Determinants of Health",Universidad de Antioquia,Spanish,Article,10.17533/udea.iatreia.282,Colombia,Scielo
14,"Nuño Martínez N.; Wallenborn J.; Mäusezahl D.; Hartinger S.M.; Muela Ribera J.",Socio-cultural factors for breastfeeding cessation and their relationship with child diarrhoea in the rural high-altitude Peruvian Andes – a qualitative study,2021,International Journal for Equity in Health,"Background: In some areas of the world, breast milk is seen as a potential source of child diarrhoea. While this belief has been explored in African and Southeast Asian countries, it remains vastly understudied in Latin American contexts. We investigate socio-cultural factors contributing to breastfeeding cessation in rural high-altitude populations of the Peruvian Andes. The role of socio- cultural factors in the local explanatory model of child diarrhoea, and whether these perceptions were integrated in the local healthcare system were assessed. Methods: Within the framework of a randomised controlled trial, we conducted semi-structured interviews with 40 mothers and 15 health personnel from local healthcare centres involved in the trial. Results: Cultural beliefs on breastfeeding cessation included the perception that breast milk turned into “blood” after six months and that breastfeeding caused child diarrhoea. We identified eight local types of child diarrhoea, and women linked six of them with breastfeeding practices. “Infection” was the only diarrhoea mothers linked to hygiene and the germ disease concept and perceived as treatable through drug therapy. Women believed that other types of diarrhoea could not be treated within the formal healthcare sector. Interviews with health personnel revealed no protocol for, or consensus about, the integration of the local explanatory model of child diarrhoea in local healthcare and service provision. Conclusions: The local explanatory model in rural Andean Peru connected breastfeeding with child diarrhoeas. Cultural beliefs regarding diarrhoea management may increase home treatments, even in cases of severe diarrhoeal episodes. Future national breastfeeding support programmes should promote peer-counselling approaches to reduce negative attitudes towards breastfeeding and health practitioners. Local explanatory models should be incorporated into provincial and regional strategies for child diarrhoea management to promote equity in health and improve provider-patient relationships. © 2021, The Author(s).","Breastfeeding; Child; Child diarrhoea; Female; Local explanatory models; Peer-counselling; Peru; Pregnancy; Social norms; Socio-cultural factors",BioMed Central Ltd,English,Article,10.1186/s12939-021-01505-3,Spain,Scielo
15,"García Padilla M.A.; Vásquez Garibay E.M.; Chávez Palencia C.; Romero Velarde E.; Larrosa Haro A.; Sánchez-Aldana Robles M.L.; Sánchez Michel B.L.","Type 2 diabetes mellitus, obesity, cesarean section delivery, and lack of exclusive breastfeeding exposure in patients from the Guadalajara Metropolitan Area, Mexico; [Diabetes mellitus de tipo 2, obesidad, parto por cesárea y falta de exposición a la lactancia materna exclusiva en pacientes de la Zona Metropolitana de Guadalajara, México]",2024,Nutricion Hospitalaria,"Introduction: the combination of cesarean section delivery and limited exposure to full breastfeeding (FBF) in the first six months of life may increase the risk of obesity and diabetes mellitus. This study aimed to establish an association between type 2 diabetes mellitus (T2DM) in adulthood, cesarean section delivery and incomplete full breastfeeding (FBF) in individuals from the metropolitan area of Guadalajara, Mexico. Methodology: this analytical cross-sectional study included patients over 18 years of age with T2DM and normal weight, overweight or obesity, regardless of sex. Informed consent was obtained. Variables encompassed T2DM, type of delivery method, first-year diet, family history, demo-graphic, socioeconomic, and educational characteristics, and anthropometric measurements. For statistical analysis, Student's t test, chi-square tests and odds ratios were employed. Results: the study evaluated 218 patients with an average age of 57.8 years (± 12.7) and an average age at T2DM diagnosis of 46.2 years (± 12.5). FBF (65.6 %) and partial breastfeeding (PBF) (23.8 %) prevailed in the first six months. The average age at T2DM diagnosis was 46.7 years (± 12.1) for vaginally born patients and 30.7 years (± 15.5) for cesarean-born patients (p = 0.001). Cesarean delivery increased obesity risk by nine times in patients with T2DM [OR = 8.9 (CI, 1.05, 75.2), p = 0.02]. Conclusion: prioritizing the limitation of nonmedically justified cesarean section deliveries is crucial to mitigate the risk of obesity and T2DM in adulthood. © 2024 SENPE y Arán Ediciones S.L.","Birth method; Diabetes mellitus type 2; Diet type; Obesity",ARAN Ediciones S.L,English,Article,10.20960/nh.05087,Mexico,Scopus
16,"Gualdrón L.M.V.; de Villalobos M.M.D.; Camargo N.M.B.","Infant stimulation reduces weight loss and increases breastfeeding: A randomized controlled trial; [A estimulação do neonato reduz a perda de peso e aumenta a lactância materna: um ensaio controlado aleatório]; [La estimulación del neonato reduce la pérdida de peso y aumenta la lactancia materna: un ensayo controlado aleatorio]",2022,Investigacion y Educacion en Enfermeria,"Objective. The study aimed to measure the effect of auditory, tactile, visual, and vestibular (ATVV) stimulation therapy on sucking effectiveness (SE), infant-feeding mode, weight, height, and head circumference (HC) of full-term infants. Methods. A single-blinded randomized trial with a sample of 107 mother-child dyads. Inclusion criteria were healthy first-time mothers and full-term infants with no known pathological conditions, weighing between 2500 and 4000 grams, and recommendation of exclusive or predominant breastfeeding. The mothers in the experimental group (EG) received training in ATVV stimulation therapy and provided it from birth (first 24 hours of life) until the end of the follow-ups at week 5. The control group (CG) received only standard care that included education on warning signs and basic guidance on breastfeeding. SE, infant-feeding mode, and neonatal growth were measured at weeks 2 and 5. Results. In contrast to CG infants, the EG infants drank 2.02 cc more human milk in one minute of effective breastfeeding (p=0.002) at week 2 and 5.51 cc more at week 5 (p<0.0001). They showed greater adherence to breastfeeding at week 5 (p=0.025) and gained more weight: 8.35 grams/day (p=0.009) and 4.19 grams/day (p=0.008). HC did not differ between groups, and height difference was statistically significant at week 5 (p=0.025). Conclusion. ATVV stimulation therapy has a positive effect on neonatal health as it promotes effective sucking and exclusive breastfeeding, reduces weight loss, and improves neonatal growth. © 2022","aleitamento materno; anthropometry; antropometria; antropometría; breast feeding; enfermagem neonatal; enfermería neonatal; estimulación física; estimulação física; infant, newborn; lactancia maternal; mother-child relations; neonatal nursing; physical stimulation; recién nacido; recém-nascido; relaciones madre-hijo; relações mãe-filho",Facultad de Enfermeria de la Universidad de Antioquia,English,Article,10.17533/udea.iee.v40n1e05,Colombia,Scopus
17,"Vázquez-Vázquez A.D.P.; Fewtrell M.S.; Chan-García H.; Batún-Marrufo C.; Dickinson F.; Wells J.C.K.","Do maternal grandmothers influence breastfeeding duration and infant nutrition? Evidence from Merida, Mexico",2022,American Journal of Biological Anthropology,"Objectives: Breast-feeding is sensitive to somatic, hormonal, behavioral and psychological components of maternal capital. However, through grandmothering, older women may also influence breast-feeding by transferring informational resources to their daughters. We hypothesized that mothers with prolonged instrumental support from their own mother are more likely to have received advice and to have favorable attitudes/practices regarding breastfeeding, compared to those lacking such support, with implications for the grandchild's somatic capital. Methods: We recruited 90 mother-infant dyads (52 with grandmaternal support, 38 without) in Merida, Yucatan, Mexico. All children were first-borns, aged ~2 years. Anthropometry and body composition were assessed. Data on grandmother's breastfeeding advice and maternal breastfeeding duration were obtained by questionnaire. Maternal attitudes to breast-feeding were assessed using the Iowa Infant Feeding Attitude Scale. Results: Women with instrumental support were more likely to have received grandmaternal advice during pregnancy/infancy on exclusive breast-feeding duration (60% vs. 37%, p = 0.033) and the type of first complementary food (81% vs. 47%, p = 0.001). However, women with support had a less favorable attitude to breastfeeding than those without and breastfed their children for less time (median 5 vs. 10.5 months, p = 0.01). No group differences were found in children's length, weight, skinfolds or lean mass z-score. Discussion: Although grandmothers providing instrumental support provided advice regarding breastfeeding, their attitudes may reflect issues beyond nutritional health. Advice of maternal grandmothers did not promote extended breastfeeding, however the differences in breastfeeding attitudes were not associated with the children's nutritional status. Grandmothers should be included in public health interventions promoting breastfeeding. © 2022 The Authors. American Journal of Biological Anthropology published by Wiley Periodicals LLC.","breastfeeding; maternal grandmothers; Mexico; mother-infant health; social support",John Wiley and Sons Inc,English,Article,10.1002/ajpa.24623,Mexico,WoS
18,"Colorado-Barrios K.T.; Moreno-Olaya S.; Moreno-Gómez J.G.; Ordóñez-Díaz K.M.","Mother-to-child transmission of HIV during breastfeeding period in Risaralda (Colombia), 2021-2022; [Transmisión materno infantil de VIH por lactancia materna en Risaralda (Colombia) 2021-2022]",2025,Infectio,"HIV infection during the breastfeeding period is an often-unnoticed problem that increases mother-to-child transmission (MTCT) of the human immunodeficiency virus (HIV). Two cases of MTCT of HIV infection in women who acquired the infection after labor during the breastfeeding period in Risaralda were analyzed. Educa- ting medical personnel about counseling and prevention strategies for sexually transmitted infections (condom use and prescription of pre-exposure prophylaxis) in pregnant and lactating women is key to reducing the rate of MTCT in HIV. © 2025, Springer Science and Business Media Deutschland GmbH. All Right Reserved.","breastfeeding; HIV infection; sexually transmitted diseases",Asociacion Colombiana de Infectologia,English,Article,10.22354/24223794.1239,Colombia,Scopus
19,"López-Mejía L.; Guillén-López S.; Vela-Amieva M.; Carrillo-Nieto R.I.","Update on breastfeeding in newborns with inborn errors of intermediary metabolism; [Actualización sobre la lactancia materna en los recién nacidos con errores innatos del metabolismo intermediario]",2022,Boletin Medico del Hospital Infantil de Mexico,"Inborn errors of intermediary metabolism (IEiM) are a group of monogenic disorders that affect a metabolic pathway of proteins, carbohidrates, or lipids; when not treated timely, IEiM are associated with high morbidity and mortality. To date, nutritional therapy is the cornerstone of treatment for patients with IEiM, which aims to prevent the accumulation of toxic metabolites by restricting the substrates involved in the affected pathway. Nutritional management in infants includes a metabolic formula free of the nutrients involved in IEiM and breastmilk or infant formula. Because of its amino acid profile, the content of essential fatty acids, and protection against disease, breast milk is an excellent food for patients with IEiM. This literature review on breastfeeding in some IEiM aims to serve as a guide for health care personnel involved in the medical care of these patients. Breastfeeding can be successfully carried out in patients with IEiM as long as there is a close and continuous follow-up, preferably in specialized centers. The nutrition professional and the pediatrician should individualize the recommendations to provide on-demand breastfeeding in conjunction with metabolic formula or quantified breastfeeding to achieve a good clinical evolution in this group of patients. © 2021 Hospital Infantil de México Federico Gómez.","Aminoacidopathies; Breastfeeding; Methylmalonic acidemia; Neonatal screening; Propionic acidemia; Urea cycle disorders",Permanyer Publications,Spanish,Article,10.24875/BMHIM.21000103,Mexico,Scopus
20,"Castillo-Cruz R.A.; Iracheta-Gerez M.D.L.L.; Macias-Parra M.; Esparza-Aguilar M.",Factors Associated with the Duration of Breastfeeding: The Practices of Mexican Mothers in a Megacity and in the Agricultural Town,2022,International Journal of Environmental Research and Public Health,"Background: Breast milk is irreplaceable for healthy development. In Mexico, by 2019, the prevalence of exclusive breastfeeding (EBF) was low and the use of breastmilk substitutes (BMSs) was high. Objective: The aim of this work was to evaluate the maternal and child characteristics related to breastfeeding (BF) duration and to the introduction of BMSs for residents of Mexico City (CdMX) and an agricultural town in Morelos. Methods: A cross-sectional study was conducted with 160 mother–child binomials (0–15 months of age) from the megacity CdMX and the agricultural town. Outcomes: EBF and total breastfeeding (TBF) duration, age of transition to BMSs, and the introduction of complementary feeding (CF) were assessed. Associations with maternal and infant factors were assessed using Cox models. Results: The prevalence of EBF in the joint samples at 5.9 months was 32.6% and 5.8% at 6 months. EBF was favored under the following conditions: living in CdMX, receiving prenatal care, no newborn hospitalization, and breastmilk provided as first food at birth. TBF was prolonged under the following conditions: older mother, female children, rooming-in care during puerperium, receiving BF upon discharge after birth, cohabiting with extended family, and having no siblings. The introduction of BMSs predominated under the following conditions: living in an agricultural town, BMSs given after birth before discharge, younger mother, worker mother, and lack of prenatal care. The early introduction of CF (before the fourth month) was 2% for CdMX and 14% for the agricultural town. Conclusions: The agricultural population had a higher risk of the premature interruption of EBF/TBF and the early introduction of BMSs and CF. Protective factors were family-friendly environments and being born in a baby-friendly hospital. © 2022 by the authors.","breastfeeding; breastfeeding practices; complementary feeding; exclusive breastfeeding; infant formula; rooming-in care; skin-to-skin contact",MDPI,English,Article,10.3390/ijerph192215176,Mexico,Scopus
21,"Hernández-Cordero S.; Vilar-Compte M.; Litwan K.; Lara-Mejía V.; Rovelo-Velázquez N.; Ancira-Moreno M.; Sachse-Aguilera M.; Cobo-Armijo F.",Implementation of Breastfeeding Policies at Workplace in Mexico: Analysis of Context Using a Realist Approach,2022,International Journal of Environmental Research and Public Health,"Return to work is one of the most significant barriers to breastfeeding (BF). Familyfriendly policies are critical to ensure that BF and maternal work are not mutually exclusive. This study aims to determine contextual factors and underlying mechanisms influencing the implementation of workplace policies in Mexico. Following a qualitative approach, the study was conducted in the following four cities in Mexico: Mérida, Chihuahua, Guadalajara, and Monterrey. Interviews were conducted in 14 workplaces, and included 49 (potential) beneficiaries, 41 male employees, and 21 managers and human resources personnel. The information collected was analyzed through a deductive thematic analysis and mapped against the Context-Mechanism-Outcome framework of Breastfeeding Interventions at the Workplace. Contextual factors influencing a BF-friendly environment in the workplace were as follows: work-schedule flexibility, provision of lactation services (i.e., BF counseling) other than a lactation room, women’s previous experience with BF and familyfriendly environments in the workplace. The underlying mechanisms enabling/impeding a BFfriendly environment at the workplace were as follows: awareness of Mexican maternity protection legislation, usage of BF interventions in the workplace, culture, supervisor/co-worker support and BF-friendly physical space. To achieve a BF-friendly environment in the workplace, actions at the level of public policy and workplaces must accompany adherence to Mexican legislation. © 2022 by the authors. Licensee MDPI, Basel, Switzerland.","Breastfeeding; Breastfeeding policies; Breastfeeding-friendly environment; Breastfeeding/lactation support; Lactation/breastfeeding room; Work; Working mothers; Workplace; Workplace interventions; Worksite",MDPI,English,Article,10.3390/ijerph19042315,Mexico,Redalyc
22,"Amezcua López J.A.; García Morales E.; Ibarra D.P.-R.; Solís Pacheco J.R.; Aguilar Uscanga B.R.",Effects of maternal toxic substance consumption during breastfeeding on lactic acid bacteria abundance and nutritional content,2023,International Journal of Medical Sciences,"Breast milk is widely recognized as the primary source of nourishment for newborns, making it an unparalleled and indispensable provider of essential nutrients, microbiological components, immuno-logical factors, and energy content. To investigate this further, a cohort comprising 254 breastfeeding women participated in interviews, and milk samples were aseptically collected for subsequent analysis involving bromatological, microbiological, and clinical analysis. The investigation focused on the identification of specific microorganisms in breast milk and their susceptibility to the exposure of toxic substances and controlled medications. Notably, this study places particular emphasis on the significant decline in lactic acid bacteria observed in breast milk when influenced by substances such as cocaine, cannabis, crystal, and morphine. These detrimental agents have been found to adversely affect the growth of microorganisms within breast milk. On the contrary, the outcomes of this study indicate that the utilization of toxic substances does not exert a noteworthy impact on the nutritional quality of breast milk. © The author(s). This is an open access article distributed under the terms of the Creative Commons Attribution License (https://creativecommons.org/licenses/by/4.0/). See http://ivyspring.com/terms for full terms and conditions.","breastfeeding; inhibition; microbiota; newborn; toxic substances",Ivyspring International Publisher,English,Article,10.7150/ijms.87995,Mexico,Redalyc
23,"Arredondo A.; Lugo O.B.R.; Orozco E.; de la Rosa C.P.T.","Breastfeeding and feeding practices in the first year of life and its association with overweight and obesity of children in Mexico; [Aleitamento materno e práticas de alimentação no primeiro ano de vida e sua associação com sobrepeso e obesidade de crianças no México]",2021,Revista Brasileira de Saude Materno Infantil,"Objectives: to evaluate feeding practices in the first year of life and their association with the development of overweight and obesity in children in Mexico. Methods: the association between overweight and obesity with different feeding practices were evaluated. The data was processed using the statistical package Stata version 14 using logistic regression models. Results: 396 children were evaluated; the prevalence of overweight and obesity was 6% and 7.7% presented a possible risk of overweight. 6.9% had exclusive breastfeeding in the first 6 months of life and 71.7% were fed infant formula. The variables significantly associated with the development of overweight and obesity in the first year of life were the age of the child (p =0.043, RR=0.57), the introduction of fluids in the first three days of life (p=0.02, RR=2.90), consumption of foods with a high sugar content (p =0.01, RR=0.25), consumption of milk other than breast (p =0.02, RR3.25) and egg consumption (p =0.05; RR=0.28). Conclusions: our results show that it is essential to attend complementary feeding practices and reinforce exclusive breastfeeding in the first year of life, as measures to prevent overweight and obesity to improve health in childhood. © 2021, Instituto Materno Infantil Professor Fernando Figueira. All rights reserved.","Breastfeeding; Infant nutrition; Obesity; Overweight",Instituto Materno Infantil Professor Fernando Figueira,English,Article,10.1590/1806-93042021000400009,Mexico,Redalyc
24,"Toro-Vera J.R.; Benites-Meza J.K.; Alarcón-Toro C.J.; Aldea-García A.A.; Pinedo-Castillo L.; Zumaran-Nuñez C.J.; Herrera-Añazco P.; Benites-Zapata V.A.",Intimate Partner Violence and Early Initiation of Breastfeeding: Evidence from the Peruvian Demographic and Family Health Survey,2026,Women's Health,"Background: Violence against women is a serious human rights violation and a public health problem. In Peru, more than 55% of women have suffered intimate partner violence (IPV), which has a negative impact on their health and breastfeeding. Objective: To evaluate the association of IPV and early initiation of breastfeeding (EIBF) in Peruvian women. Design: Cross-sectional study. Methods: A secondary analysis was conducted using data from the Demographic and Family Health Survey (ENDES) of the period 2018–2022. The population included women of reproductive age (15–49 years). The outcome variable was the EIBF, and the main predictor variable was IPV. Crude prevalence ratios and adjusted prevalence ratios were estimated as a measure of association. Results: We analyzed a final sample of 30,482 women. The prevalence of IPV was 16.25%, while the prevalence of mothers who did not initiate early breastfeeding was 33.37%. It was found that partner violence was associated with a lower likelihood of complying with EIBF. Conclusion: We identified that women who experienced IPV were less likely to initiate early breastfeeding. © The Author(s) 2026. This article is distributed under the terms of the Creative Commons Attribution-NonCommercial 4.0 License (https://creativecommons.org/licenses/by-nc/4.0/) which permits non-commercial use, reproduction and distribution of the work without further permission provided the original work is attributed as specified on the SAGE and Open Access pages (https://us.sagepub.com/en-us/nam/open-access-at-sage).","breastfeeding; Intimate partner violence; Peru",SAGE Publications Ltd,English,Article,10.1177/17455057261424821,Peru,Redalyc
25,"Castillejo Padilla N.P.; Agudelo Martínez M.A.; Gómez Velásquez S.; Bernal Rivas J.","Breastfeeding practices and associated factors among young and adult women in the Municipality of Envigado, Antioquia-Colombia; [Práctica de la lactancia materna y factores asociados entre mujeres jóvenes y adultas en el Municipio de Envigado, Antioquia-Colombia]",2022,Nutricion Clinica y Dietetica Hospitalaria,"Introduction. Breastfeeding (BF) has challenges from preparation, birth, first hour of life (FHL), protection of mothers in hospital, support from counselors and relatives. Exclusive BF in Colombia is 36.1% (1 month) and in Envigado municipality reached 3.1 months, in 2015. Objective. Compare the practice of BF and factors associated with planning of gestation, onset, type and total duration of BF in young mothers (YW) and adults (AW) of the Municipality of Envigado, Antioquia Department, Colombia. Material and methods. Quantitative, observational study, with probability sampling. From a universe of 3,540 newborns, 288 lactating mothers were selected. Variables associated with health services, practices and times of BF were studied. SPSSv22 was used for data analysis. Study approved by the ethics committee of the CES University. Results. Delivery of the baby to the immediate mother or FHL (83%), favors early BF (74%). Exclusive BF (4.6 months) and total BF (12.6 months) were similar in YW (<27 years) and AW (≥27 years). In YW, having the baby hospitalized (p = 0.00), the number of children (p = 0.04) and a planned pregnancy (p = 0.02) predict BF in FHL, exclusive and total BF. In AW, having the minor hospitalized (p = 0.01), occupation and counseling predict BF in FHL, exclusive and total. The main predictor of exclusive (p = 0.02) and total (p = 0.01) BF is BF counseling. Discussion. BF counseling is the main strategy for the support, promotion and maintenance of BF, which is reflected in the high prevalences of this essential practice. Conclusions. Advice on BF from pregnancy is the main factor that predicts the practice of exclusive and total BF. The hospitalization of the neonate in the postpartum period and type of delivery significantly influences skin-to-skin contact and BF in the first hour of life. © 2022 Sociedad espanola de dietetica. All rights reserved.","Breastfeeding; exclusive breastfeeding; infant formulas; newborn",Sociedad espanola de dietetica,Spanish,Article,10.12873/421bernal,Colombia,Redalyc
26,"Tello B.; Hernández H.; Dueñas-Espín I.; Tejera E.",The effect of prenatal education on exclusive breastfeeding among women in Quito: prospective cohort study,2025,BMC Pregnancy and Childbirth,"Background: Breast milk is the optimal food for humans, however, many mothers face challenges in sustaining exclusive breastfeeding (EBF). Prenatal education (PE) has been suggested as a strategy to promote EBF, but there is evidence that its impact on EBF duration remains inconclusive. This study aimed to evaluate the effect of PE on EBF continuation among mothers who gave birth in private and public hospitals in Quito, Ecuador, and to identify modifiable risk factors associated with EBF discontinuation. Methods: A prospective cohort study was conducted, recruiting 278 mothers, of whom 152 received PE and 126 did not. Participants were followed from birth to six months postpartum. Data collection included a structured survey, with baseline clinical information obtained through face-to-face interviews before hospital discharge and follow-up telephone interviews at one, four, and six months postpartum. Results: Comparisons between the PE and non-PE groups revealed significant differences in education level, health insurance, antenatal care visits, rooming-in rates, parity, and maternal breastfeeding (BF) intentions. Participants who received PE had a significantly longer mean EBF duration (89.4 ± 77.2 days vs. 66.1 ± 70.2 days, p = 0.004). The incidence rate of EBF abandonment was 11.81 per 100 person-months in the PE group and 14.91 per 100 person-months in the non-PE group. Cox survival analysis indicated a lower risk of EBF cessation among mothers who received PE (adjusted hazard ratio [aHR] = 0.58, 95% CI = 0.40-0.84, p = 0.004). Other factors associated with EBF discontinuation included delivery at a public health facility, postpartum depression, insufficient milk supply, return to work, healthcare provider recommendations, family advice, and negative BF experiences. Conclusion: Standardized PE programs have a significant and independent positive impact on EBF duration among mothers in Quito, Ecuador. Integrating PE into routine prenatal care and providing comprehensive postpartum support is essential to promoting BF continuation. Targeted interventions should address modifiable risk factors, such as postpartum mental health, return-to-work policies, and healthcare provider recommendations regarding BF. © The Author(s) 2025.","Exclusive breastfeeding; Maternal health; Postpartum depression; Prenatal education; Public health practice",BioMed Central Ltd,English,Article,10.1186/s12884-025-07651-8,Ecuador,Redalyc
27,"Tello B.; Rivadeneira M.F.; Moncayo A.L.; Buitrón J.; Astudillo F.; Estrella A.; Torres A.L.","Breastfeeding, feeding practices and stunting in indigenous Ecuadorians under 2 years of age",2022,International Breastfeeding Journal,"Background: The indigenous child population in Ecuador has a high prevalence of stunting. There is limited evidence of the association between breastfeeding, feeding practices, and stunting in indigenous children. This study aimed to analyze the prevalence of breastfeeding and complementary feeding practices and explore their association with stunting in Ecuadorian indigenous children under two years of age. Methods: Cross-sectional study of secondary data analysis using the 2012 Ecuador National Health and Nutrition Study, in 625 children aged 0–23 months (48,069 expanded sample), representative for the indigenous population. Breastfeeding and complementary feeding indicators were analyzed by age groups. Timely initiation of breastfeeding (within one hour after birth), exclusive breastfeeding (infants under six months who received only breast milk for the previous day), and other indicators were measured. Chi-square test or Fisher's exact test and logistic regression for complex samples were used to explore association with demographic and socioeconomic factors and stunting. Results: Twenty-six-point eight percent of the children were stunted. Stunting occurred mainly in children with rural residence, on poor households, and where there were four or more children. Most of the children had a timely initiation of breastfeeding (69.5% for 0–12 months and 75.5% for 13–23 months) and exclusive breastfeeding up to six months (78.2%). Among children between 6–12 months of age, 99.3% continued to be breastfed. In children from ages 6 to 12 months, 32.5% received food with adequate dietary diversity. Lower percentages of complementary feeding occurred in the poorest, adolescent mothers or those with less education. Children who did not receive the minimum frequency of meals for their age had higher odds of stunting (OR 3.28; 95% CI 1.3, 8.27). Children from age 19 to 23 months who consumed foods rich in iron showed lower probabilities of stunting (OR 0.04; 95% CI 0.00, 0.51). Conclusions: Breastfeeding practices reached a prevalence of 70% or more, without being associated with stunting. Complementary feeding practices showed differences by socioeconomic condition. Not reaching the minimum meal frequency between 6 and 12 months of age was associated with stunting. Plans and strategies are necessary to promote adequate feeding and breastfeeding practices in the indigenous population. © 2022, The Author(s).","Breastfeeding; Child feeding; Child public health; Complementary feeding; Indigenous population; Stunting",BioMed Central Ltd,English,Article,10.1186/s13006-022-00461-0,Ecuador,Redalyc
28,Barrera-Rojas M.A.,"Support Networks for Exclusive Breastfeeding (SNEB). A conceptual approach and characterization in Mexico; [Redes de Apoyo a la Lactancia Materna Exclusiva (RALME). Una aproximación conceptual y caracterización en México]",2024,Boletin Medico del Hospital Infantil de Mexico,"Background: This study focuses on the conceptualization and graphical characterization of Exclusive Breastfeeding Support Networks (EBSN) in Mexico. Methods: Through a sample design stratified by federal entity with state significance at 95%, a questionnaire was administered online via Microsoft Forms to a representative sample of 2989 women whose primiparity occurred in Mexico. The questionnaire primarily focused on sociodemographic data of the mothers and the structure of their EBSNs during primiparity. Results: In this work, EBSNs are defined as networks mainly composed of women, whose function is to share knowledge and experiences about breastfeeding, as well as to provide emotional and physical support to breastfeeding mothers, contributing to strengthening the emotional and caregiving bonds between mothers and their newborns. Conclusions: Sankey diagrams were employed for the characterization of EBSNs, revealing that the mother of the primipara is generally the main node, resulting in a network with greater flow and reach. Conversely, when the first node is not related to the primipara, the networks tend to be smaller and with less flow. © 2024 Hospital Infantil de México Federico Gómez.","Breastfeeding; Exclusive breastfeeding; Exclusive breastfeeding support network; Vulnerability",Permanyer Publications,Spanish,Article,10.24875/BMHIM.23000108,Mexico,Redalyc
29,"Giunchetti F.; Hidalgo L.E.; Penas M.; Piccardo A.; Rodríguez L.S.; Ferrero F.; Ibarra M.","Exclusive breastfeeding and disease evolution in hospitalized infants with bronchiolitis; [Lactancia materna exclusiva y evolución de la enfermedad en lactantes hospitalizados por bronquiolitis]",2023,Andes Pediatrica,"Bronchiolitis is the main reason for hospitalization in infancy. Breastfeeding is a protective factor against infections, however, although there is evidence that breastfeeding could prevent hospitalizations due to bronchiolitis, its effect in patients already hospitalized because of this disease is less clear. Objec-tive: To evaluate if there are differences in the evolution of patients hospitalized due to bronchiolitis fed with exclusive breastfeeding (EBF) vs. breast milk substitutes (BMS). Patients and Method: Prospective cohort study. Children hospitalized due to bronchiolitis aged from 1 to 6 months were included. Evolution was compared with respect to days of hospitalization, days of oxygen therapy, requirement of high-flow nasal cannula (HFNC), presence of associated pneumonia, transfer to intensive care, and death. Results: During the study period, 131 infants hospitalized due to bronchiolitis met the selection criteria, 54 were fed with EBF, 29 with BMS, and 48 received mixed feeding. The EBF group required significantly fewer days of oxygen therapy (5.1 ± 2.4 vs. 6.6 ± 3.5; p < 0.02) and hospitalization (7.0 ± 2.4 vs. 8.4 ± 3.6; p < 0.04) than the BMS group. Although males in the BMS group required on average more days of hospitalization and oxygen therapy, this difference was not statistically significant. No deaths were recorded in the groups studied. Conclusion: Patients fed with EBF required fewer days of oxygen therapy and hospitalization than those who received BMS. © 2023, Sociedad Chilena de Pediatria. All rights reserved.","Breastfeeding; Bronchiolitis; Human Milk; Length of Stay; Oxygen Therapy",Sociedad Chilena de Pediatria,Spanish,Article,10.32641/andespediatr.v94i1.3834,Argentina,Redalyc
30,"Sampieri C.L.; Fragoso K.G.; Córdoba-Suárez D.; Zenteno-Cuevas R.; Montero H.","Influence of skin-to-skin contact on breastfeeding: results of the Mexican National Survey of Demographic Dynamics, 2018",2022,International Breastfeeding Journal,"Background: Skin-to-skin contact and breastfeeding initiation within the first hour after birth are key recommendations to promote breastfeeding. In Mexico, the National Survey of Demographic Dynamics 2018, known by its Spanish acronym ENADID, collected information about breastfeeding practices. The ENADID survey is probabilistic and allows results to be generalized to the entire population in Mexico. Methods: Information from a public database featuring 26,587 mother-baby pairs was analyzed by proportions, means and associations, as well as machine learning methods, to conduct a comparison among the pairs according to immediate skin-to-skin contact after delivery status. Results: Skin-to-skin contact was described by 78.7% of the mothers and was associated with receiving an explanation regarding how to give breastmilk or the breast to the baby immediately following birth [Odds ratio (OR) 6.46; 95% Confidence Interval (CI) 6.02, 6.97], initiating breastfeeding in the first hour of life (OR 2.01; 95% CI (1.84, 2.18) and a breastfeeding duration of ≥ 6 months (OR 1.16; 95% CI 1.08, 1.25). The breastfeeding duration, in days, was greater in the group with skin-to-skin contact than in the group without skin contact. Conclusions: In Mexico, immediate and uninterrupted skin-to-skin contact between newborns and their mothers should be facilitated. Support should be provided to mothers to favor skin-to-skin contact and breasting initiation during the first hour of life, ideally through an empathic explanation by trained health personnel. Future research should focus on the evaluation of strategies to modify maternity services to facilitate immediate skin-to-skin contact after delivery and develop training programs for health personnel to support the initiation of breastfeeding during the first hour of life. © 2022, The Author(s).","Breastfeeding; Mexico; Mother-baby pair; Skin-to-skin contact",BioMed Central Ltd,English,Article,10.1186/s13006-022-00489-2,Mexico,Redalyc
31,"Cortés-Sarabia K.; Guzman-Silva V.; Martinez-Pacheco K.M.; Meza-Hernández J.A.; Luna-Pineda V.M.; Leyva-Vázquez M.A.; Vences-Velázquez A.; Beltrán-Anaya F.O.; Del Moral-Hernández O.; Illades-Aguiar B.",Detection of IgA and IgG Antibodies against the Structural Proteins of SARS-CoV-2 in Breast Milk and Serum Samples Derived from Breastfeeding Mothers,2023,Viruses,"Background: COVID-19 vaccination or natural infection is associated with the development of immunity. The search of IgA and IgG antibodies against all the structural proteins (spike, nucleocapsid, membrane, and envelope) of SARS-CoV-2 in breastfeeding mothers is associated with immunity that can help the newborn avoid development of the infection. Methods: In this study, we analyzed 30 breastfeeding women that provided samples of breast milk and serum and evaluated the presence of IgA, total IgG, and subclasses against the structural proteins of SARS-CoV-2. Results: We reported a high seroprevalence to IgA (76.67–100%) and negativity to IgG against all analyzed proteins in breast milk. Seroprevalence in serum samples was around 10–36.67% to IgA and 23.3–60% to IgG. Finally, we detected the presence of the subclasses IgG1, IgG2, and IgG4 against all the structural proteins of SARS-CoV-2. Conclusions: This work provides evidence of the presence of IgA and IgG antibodies against the four structural proteins of SARS-CoV-2 in breast milk and serum samples derived from breastfeeding women, which can confer immunity to the newborn. © 2023 by the authors.","antibodies; breastfeeding; COVID-19; IgA; IgG; SARS-CoV-2; structural proteins",MDPI,English,Article,10.3390/v15040966,Mexico,Redalyc